timestamp,irradiance,ambient_temperature,panel_temperature,humidity,wind_speed,normal_voltage,faulty_voltage,current,normal_power,measured_power,energy_kwh,grid_voltage,grid_frequency,power_factor,inverter_temperature,inverter_status,fault_type,fault_severity
2026-10-01 16:24:03,794.96,25.39,35.92,54.15,3.44,418.58,418.58,15.79,6275.54,6275.54,0.001743,229.75,49.979,0.949,41.54,normal,normal,0
2026-10-01 16:24:04,810.95,25.68,36.82,55.15,3.58,417.84,417.84,16.03,6348.9,6348.9,0.003507,229.48,49.963,0.948,42.61,normal,normal,0
2026-10-01 16:24:05,821.06,25.96,37.68,54.74,3.53,419.26,419.26,16.41,6629.58,6629.58,0.005348,229.47,49.956,0.963,43.84,normal,normal,0
2026-10-01 16:24:06,826.24,25.6,38.44,55.33,3.3,419.42,449.42,16.69,6609.84,7082.64,0.007316,229.55,49.977,0.944,44.92,normal,voltage_bias,2
2026-10-01 16:24:07,816.49,25.53,39.08,54.82,3.76,419.8,420,16.33,6577.57,6580.76,0.009144,229.68,49.952,0.959,45.79,normal,stuck_sensor,2
2026-10-01 16:24:08,824.7,25.88,39.72,55.99,3.34,419.08,421.03,16.64,6622.9,6653.79,0.010992,229.65,49.974,0.949,46.59,normal,voltage_drift,1
2026-10-01 16:24:09,820.39,25.57,40.26,55.14,3.0,418.72,418.72,16.29,6518.61,6518.61,0.012803,229.87,49.989,0.956,91.07,overheating,inverter_overheating,3
2026-10-01 16:24:10,828.72,25.08,40.74,55.29,2.71,418.05,418.05,16.46,6520.53,6520.53,0.014614,229.41,49.995,0.947,81.97,overheating,inverter_overheating,3
2026-10-01 16:24:11,809.91,24.72,41.08,54.51,2.71,416.48,420,16.24,6447.76,6502.31,0.01642,229.5,49.973,0.953,48.66,normal,stuck_sensor,2
2026-10-01 16:24:12,811.61,25.04,41.42,54.26,2.81,417.24,420,16.14,6484.14,6527.02,0.018233,229.46,49.987,0.963,49.22,normal,stuck_sensor,2
2026-10-01 16:24:13,816.08,24.76,41.71,53.04,2.8,416.23,446.23,16.3,6482.31,6949.52,0.020164,229.39,49.981,0.955,49.68,normal,voltage_bias,2
2026-10-01 16:24:14,814.96,25.21,42.01,53.19,3.0,415.87,417.69,16.2,6433.7,6461.82,0.021959,229.41,50.004,0.955,49.89,normal,voltage_drift,1
2026-10-01 16:24:15,833.59,24.9,42.3,54.66,2.71,415.95,419.63,16.74,6729.2,6788.71,0.023844,229.6,49.993,0.966,50.15,normal,voltage_drift,1
2026-10-01 16:24:16,819.98,25.21,42.57,55.2,2.23,415.04,420.0,16.29,6374.35,6450.59,0.025636,229.67,49.972,0.943,50.77,normal,voltage_drift,1
2026-10-01 16:24:17,826.67,25.44,42.86,56.68,2.26,416.5,446.5,16.58,6723.85,7208.16,0.027638,230.09,49.944,0.974,51.08,normal,voltage_bias,2
2026-10-01 16:24:18,821.64,25.07,43.08,55.25,1.92,414.98,414.98,16.37,6388.73,6388.73,0.029413,230.07,49.94,0.94,51.35,normal,normal,0
2026-10-01 16:24:19,820.46,25.48,43.31,55.22,1.92,413.72,413.72,16.56,6548.06,6548.06,0.031232,230.37,49.942,0.956,51.84,normal,normal,0
2026-10-01 16:24:20,808.69,25.67,43.52,55.53,1.56,415.08,415.08,16.03,6456.9,6456.9,0.033026,230.31,49.962,0.97,51.95,normal,normal,0
2026-10-01 16:24:21,799.59,26.16,43.74,55.51,1.52,415.53,415.53,16.0,6550.71,6550.71,0.034845,230.41,49.959,0.985,99.55,overheating,inverter_overheating,3
2026-10-01 16:24:22,814.45,25.96,43.96,54.83,1.36,415.42,,16.26,6417.21,,0.034845,230.58,49.935,0.95,51.93,normal,sensor_dropout,3
2026-10-01 16:24:23,826.41,26.14,44.19,55.09,1.62,415.4,445.4,16.42,6601.16,7077.89,0.036811,231.07,49.926,0.968,52.04,normal,voltage_bias,2
2026-10-01 16:24:24,815.27,25.74,44.35,56.27,1.26,415.48,415.48,16.16,6590.4,6590.4,0.038642,231.49,49.916,0.981,52.49,normal,normal,0
2026-10-01 16:24:25,821.4,25.61,44.49,55.66,1.35,416.72,416.72,16.53,6517.16,6517.16,0.040452,231.39,49.903,0.946,52.91,normal,normal,0
2026-10-01 16:24:26,822.36,25.3,44.57,55.46,1.84,416.27,416.27,16.56,6705.54,6705.54,0.042315,231.68,49.875,0.973,52.97,normal,normal,0
2026-10-01 16:24:27,841.77,25.22,44.68,55.59,2.0,414.69,414.69,16.79,6820.77,6820.77,0.04421,231.68,49.85,0.979,53.39,normal,normal,0
2026-10-01 16:24:28,851.81,25.19,44.8,56.37,1.83,415.01,425.77,17.14,6933.28,7113.1,0.046185,231.21,49.839,0.975,53.62,normal,sensor_noise,1
2026-10-01 16:24:29,842.57,24.9,44.86,57.58,2.09,413.19,413.19,16.9,6713.46,6713.46,0.04805,231.68,49.815,0.961,53.75,normal,normal,0
2026-10-01 16:24:30,826.23,24.63,44.84,56.4,1.99,412.82,412.82,16.68,6752.21,6752.21,0.049926,231.32,49.818,0.981,54.11,normal,normal,0
2026-10-01 16:24:31,811.06,24.82,44.81,56.07,1.98,414.27,414.27,9.03,6678.4,3684.12,0.050949,231.47,49.832,0.985,54.09,normal,power_loss,2
2026-10-01 16:24:32,812.06,24.8,80.51,56.29,1.81,414.85,414.85,16.32,6649.92,6649.92,0.052797,231.17,49.816,0.982,53.97,normal,panel_overheating,2
2026-10-01 16:24:33,799.97,24.94,44.76,57.72,1.41,413.16,413.16,15.98,6530.16,6530.16,0.05461,230.69,49.799,0.989,54.22,normal,normal,0
2026-10-01 16:24:34,797.21,24.71,44.7,57.72,1.36,412.33,413.85,16.13,6344.19,6367.6,0.056379,231.08,49.819,0.954,53.95,normal,voltage_drift,1
2026-10-01 16:24:35,781.67,25.11,44.67,57.74,1.01,411.46,411.46,15.7,6345.29,6345.29,0.058142,230.98,49.805,0.982,53.73,normal,normal,0
2026-10-01 16:24:36,780.92,25.19,44.64,59.1,0.97,413.44,413.44,15.42,6012.47,6012.47,0.059812,230.82,49.789,0.943,53.88,normal,normal,0
2026-10-01 16:24:37,778.55,25.68,44.65,59.27,1.44,414.17,444.17,15.48,6229.28,6680.48,0.061668,230.87,49.768,0.972,53.53,normal,voltage_bias,2
2026-10-01 16:24:38,791.07,25.8,44.69,59.22,1.68,413.3,413.3,15.63,6136.92,6136.92,0.063372,231.24,49.749,0.95,53.83,normal,normal,0
2026-10-01 16:24:39,803.74,25.55,44.73,60.26,1.94,414.43,414.43,16.23,6580.61,6580.61,0.0652,230.91,49.719,0.978,53.98,normal,normal,0
2026-10-01 16:24:40,784.38,25.32,44.68,59.18,2.41,416.31,,15.67,6150.23,,0.0652,231.17,49.733,0.943,53.97,normal,sensor_dropout,3
2026-10-01 16:24:41,766.28,25.62,44.63,59.87,1.96,416.17,416.17,15.27,6076.95,6076.95,0.066888,231.24,49.738,0.956,54.06,normal,normal,0
2026-10-01 16:24:42,783.98,25.58,44.63,59.44,1.69,415.64,415.64,15.85,6259.05,6259.05,0.068627,231.2,49.716,0.95,54.28,normal,normal,0
2026-10-01 16:24:43,802.95,26.04,44.73,59.08,1.55,416.57,446.57,16.23,6651.46,7130.48,0.070608,231.36,49.721,0.984,54.05,normal,voltage_bias,2
2026-10-01 16:24:44,793.32,25.76,44.79,59.25,1.06,414.74,444.74,15.98,6511.26,6982.24,0.072547,230.98,49.706,0.983,53.74,normal,voltage_bias,2
2026-10-01 16:24:45,808.58,26.15,44.91,59.34,1.35,414.83,420,16.31,6360.83,6440.05,0.074336,231.39,49.689,0.94,53.56,normal,stuck_sensor,2
2026-10-01 16:24:46,799.51,25.73,44.96,60.04,0.94,416.43,416.43,16.01,6312.79,6312.79,0.07609,231.05,49.699,0.947,53.47,normal,normal,0
2026-10-01 16:24:47,803.98,25.52,45.01,60.94,0.55,416.78,416.78,16.12,6595.21,6595.21,0.077922,230.59,49.724,0.982,53.52,normal,normal,0
2026-10-01 16:24:48,821.15,25.34,45.07,61.78,0.83,418.01,403.85,16.35,6729.61,6501.73,0.079728,230.89,49.737,0.984,53.52,normal,sensor_noise,1
2026-10-01 16:24:49,817.54,25.04,45.07,61.79,1.2,416.39,430.74,16.5,6541.74,6767.22,0.081607,231.15,49.752,0.952,53.34,normal,sensor_noise,1
2026-10-01 16:24:50,833.89,24.99,45.12,62.28,1.09,415.75,417.39,16.54,6745.83,6772.46,0.083489,231.23,49.754,0.981,53.68,normal,voltage_drift,1
2026-10-01 16:24:51,830.01,24.61,45.11,61.17,1.01,416.82,,16.47,6667.1,,0.083489,230.99,49.748,0.971,53.71,normal,sensor_dropout,3
2026-10-01 16:24:52,811.42,24.4,45.03,60.72,1.19,415.36,415.36,16.28,6428.68,6428.68,0.085274,231.48,49.745,0.95,97.58,overheating,inverter_overheating,3
2026-10-01 16:24:53,799.4,24.68,44.95,61.17,1.64,416.41,416.41,16.07,6432.31,6432.31,0.087061,231.37,49.718,0.961,91.65,overheating,inverter_overheating,3
2026-10-01 16:24:54,779.82,24.29,44.78,61.37,1.85,417.3,417.3,15.65,6433.65,6433.65,0.088848,231.14,49.703,0.985,53.63,normal,normal,0
2026-10-01 16:24:55,761.91,24.29,73.52,60.15,2.07,418.87,418.87,15.22,6165.33,6165.33,0.090561,230.8,49.702,0.967,53.69,normal,panel_overheating,2
2026-10-01 16:24:56,744.4,24.29,44.35,61.36,1.68,419.75,419.75,14.91,5965.86,5965.86,0.092218,230.58,49.72,0.953,80.29,overheating,inverter_overheating,3
2026-10-01 16:24:57,753.94,24.47,44.19,61.5,1.96,418.57,418.57,15.1,6256.0,6256.0,0.093956,230.14,49.75,0.99,88.47,overheating,inverter_overheating,3
2026-10-01 16:24:58,762.2,24.45,44.06,61.51,2.18,420.35,420.35,15.32,6202.81,6202.81,0.095679,230.24,49.732,0.963,53.22,normal,normal,0
2026-10-01 16:24:59,761.06,24.22,43.91,62.82,2.26,420.47,420.47,15.05,6206.41,6206.41,0.097403,230.24,49.711,0.981,53.25,normal,normal,0
2026-10-01 16:25:00,777.58,23.83,70.72,62.74,1.94,419.95,419.95,15.36,6106.82,6106.82,0.099099,229.88,49.739,0.947,53.18,normal,panel_overheating,2
2026-10-01 16:25:01,789.43,23.6,43.67,61.64,2.21,421.77,423.2,15.73,6333.62,6355.16,0.100864,230.23,49.737,0.954,53.46,normal,voltage_drift,1
2026-10-01 16:25:02,799.8,23.43,43.58,62.05,2.22,422.52,420,15.85,6357.67,6319.69,0.10262,229.98,49.741,0.949,53.43,normal,stuck_sensor,2
2026-10-01 16:25:03,807.02,23.47,85.76,60.93,2.28,421.41,421.41,16.01,6608.75,6608.75,0.104456,230.36,49.767,0.979,53.81,normal,panel_overheating,2
2026-10-01 16:25:04,826.75,23.03,43.46,62.27,2.58,420.64,420.64,16.64,6674.37,6674.37,0.10631,230.2,49.765,0.953,54.08,normal,normal,0
2026-10-01 16:25:05,817.85,23.34,43.43,61.12,2.18,419.71,449.71,16.17,6690.89,7169.14,0.108301,230.12,49.754,0.986,54.4,normal,voltage_bias,2
2026-10-01 16:25:06,829.37,23.69,43.47,60.25,2.04,421.18,423.15,16.6,6881.9,6914.2,0.110222,230.23,49.765,0.984,54.28,normal,voltage_drift,1
2026-10-01 16:25:07,812.34,24.06,43.48,59.99,2.52,422.39,422.39,16.3,6687.61,6687.61,0.112079,230.14,49.751,0.971,54.04,normal,normal,0
2026-10-01 16:25:08,818.09,24.51,82.39,59.1,2.03,423.36,423.36,16.46,6698.85,6698.85,0.11394,229.71,49.774,0.961,53.9,normal,panel_overheating,2
2026-10-01 16:25:09,833.51,24.27,43.67,57.79,1.72,422.92,422.92,16.61,6752.95,6752.95,0.115816,229.9,49.751,0.961,97.79,overheating,inverter_overheating,3
2026-10-01 16:25:10,835.99,24.24,43.77,56.76,1.53,421.62,421.62,6.79,6971.36,2807.77,0.116596,229.46,49.729,0.98,54.21,normal,power_loss,2
2026-10-01 16:25:11,842.05,23.77,43.84,55.39,1.22,423.25,423.25,9.04,6956.45,3738.17,0.117634,229.65,49.729,0.977,54.26,normal,power_loss,2
2026-10-01 16:25:12,829.72,23.9,43.88,56.0,1.48,423.6,423.6,16.71,6925.41,6925.41,0.119558,229.49,49.725,0.978,83.64,overheating,inverter_overheating,3
2026-10-01 16:25:13,843.42,23.54,43.9,55.52,1.74,422.19,,16.72,6925.85,,0.119558,229.94,49.702,0.981,54.82,normal,sensor_dropout,3
2026-10-01 16:25:14,860.01,23.55,43.95,56.92,2.16,423.13,423.13,17.0,6950.72,6950.72,0.121489,229.67,49.708,0.966,55.17,normal,normal,0
2026-10-01 16:25:15,869.12,23.5,89.27,56.74,1.81,424.42,424.42,17.49,7063.86,7063.86,0.123451,229.59,49.707,0.952,55.13,normal,panel_overheating,2
2026-10-01 16:25:16,854.65,23.62,44.06,57.23,2.03,422.67,423.36,17.02,6995.21,7006.61,0.125397,230.09,49.7,0.972,55.23,normal,voltage_drift,1
2026-10-01 16:25:17,842.67,23.93,44.09,56.61,2.12,424.13,424.13,16.85,7005.92,7005.92,0.127343,229.91,49.713,0.98,55.41,normal,normal,0
2026-10-01 16:25:18,861.61,23.59,44.12,57.94,2.26,423.0,453.0,17.17,7100.55,7604.14,0.129456,230.09,49.713,0.978,55.3,normal,voltage_bias,2
2026-10-01 16:25:19,851.52,23.12,44.09,59.03,2.06,424.88,424.88,17.09,6991.28,6991.28,0.131398,230.37,49.685,0.963,55.21,normal,normal,0
2026-10-01 16:25:20,839.41,22.79,44.0,58.62,1.96,423.09,420,16.91,6899.5,6849.15,0.1333,230.06,49.685,0.964,55.05,normal,stuck_sensor,2
2026-10-01 16:25:21,856.87,22.44,43.91,59.5,2.39,424.6,424.6,17.13,6974.24,6974.24,0.135237,230.12,49.709,0.959,55.13,normal,normal,0
2026-10-01 16:25:22,863.4,22.55,43.87,58.24,2.23,422.77,418.54,17.35,7090.7,7019.77,0.137187,230.26,49.692,0.966,55.24,normal,sensor_noise,1
2026-10-01 16:25:23,843.63,22.56,43.79,59.38,1.81,424.63,424.63,17.04,6906.09,6906.09,0.139106,229.87,49.708,0.954,55.08,normal,normal,0
2026-10-01 16:25:24,840.05,22.74,43.74,58.27,1.56,423.13,424.98,16.79,6690.47,6719.74,0.140972,229.42,49.721,0.942,55.04,normal,voltage_drift,1
2026-10-01 16:25:25,840.87,22.41,43.67,57.97,1.38,423.28,423.28,16.75,6877.21,6877.21,0.142883,229.74,49.725,0.97,55.24,normal,normal,0
2026-10-01 16:25:26,855.48,22.27,43.63,58.03,1.25,421.57,422.58,17.1,6821.96,6838.36,0.144782,229.96,49.736,0.946,55.18,normal,sensor_noise,1
2026-10-01 16:25:27,861.93,22.42,43.64,56.71,0.83,422.77,422.77,17.09,7081.41,7081.41,0.146749,230.18,49.753,0.98,94.1,overheating,inverter_overheating,3
2026-10-01 16:25:28,881.78,22.63,43.72,56.76,0.72,420.97,420.97,17.72,7274.23,7274.23,0.14877,229.87,49.78,0.975,82.15,overheating,inverter_overheating,3
2026-10-01 16:25:29,888.21,22.22,43.78,56.02,0.28,422.96,424.37,17.78,7188.83,7212.74,0.150773,229.55,49.75,0.956,55.57,normal,voltage_drift,1
2026-10-01 16:25:30,888.22,22.06,43.83,57.45,0,423.03,423.03,8.41,7246.52,3433.9,0.151727,229.57,49.766,0.965,55.7,normal,power_loss,2
2026-10-01 16:25:31,883.94,21.79,43.84,57.42,0,424.21,424.21,17.66,7176.63,7176.63,0.153721,229.86,49.741,0.958,55.71,normal,normal,0
2026-10-01 16:25:32,890.96,21.82,43.86,58.1,0,424.73,425.9,17.87,7453.19,7473.79,0.155797,229.73,49.731,0.982,56.04,normal,voltage_drift,1
2026-10-01 16:25:33,878.73,21.71,74.33,59.08,0,424.19,424.19,17.48,7099.12,7099.12,0.157769,230.2,49.74,0.958,55.97,normal,panel_overheating,2
2026-10-01 16:25:34,861.86,21.84,43.79,58.43,0.15,425.27,455.27,17.34,7258.34,7770.37,0.159927,230.31,49.735,0.985,56.06,normal,voltage_bias,2
2026-10-01 16:25:35,858.4,22.11,43.76,57.82,0.24,424.11,424.11,17.05,7040.77,7040.77,0.161883,229.93,49.728,0.974,90.96,overheating,inverter_overheating,3
2026-10-01 16:25:36,846.4,22.31,43.73,56.71,0.09,425.72,,16.89,6944.03,,0.161883,229.43,49.7,0.966,55.71,normal,sensor_dropout,3
2026-10-01 16:25:37,841.29,22.79,72.02,56.22,0,424.07,424.07,16.84,6760.32,6760.32,0.163761,229.24,49.671,0.947,55.88,normal,panel_overheating,2
2026-10-01 16:25:38,822.88,22.67,43.69,57.5,0,422.36,420,16.26,6613.06,6576.15,0.165588,229.15,49.673,0.963,55.73,normal,stuck_sensor,2
2026-10-01 16:25:39,806.44,23.11,43.64,57.12,0.19,422.61,422.61,16.27,6799.09,6799.09,0.167476,228.98,49.678,0.989,87.1,overheating,inverter_overheating,3
2026-10-01 16:25:40,789.17,23.46,43.59,57.94,0.33,423.89,423.89,15.59,6406.31,6406.31,0.169256,228.94,49.694,0.97,55.56,normal,normal,0
2026-10-01 16:25:41,806.69,23.02,43.55,57.91,0,423.1,423.1,16.26,6787.6,6787.6,0.171141,228.54,49.701,0.987,55.48,normal,normal,0
2026-10-01 16:25:42,798.15,23.17,43.51,57.3,0,424.09,454.09,15.81,6609.54,7077.09,0.173107,228.11,49.699,0.986,55.38,normal,voltage_bias,2
2026-10-01 16:25:43,783.59,22.9,43.4,55.94,0,423.55,423.55,15.55,6237.44,6237.44,0.17484,227.82,49.723,0.947,55.14,normal,normal,0
2026-10-01 16:25:44,795.45,22.63,43.32,56.25,0,425.18,425.18,15.73,6355.15,6355.15,0.176605,227.55,49.72,0.95,54.94,normal,normal,0
2026-10-01 16:25:45,794.41,22.61,43.22,55.21,0.29,426.17,426.17,15.7,6453.84,6453.84,0.178398,227.27,49.712,0.965,55.08,normal,normal,0
2026-10-01 16:25:46,791.02,22.96,81.55,54.72,0.45,426.12,426.12,15.95,6622.38,6622.38,0.180237,226.83,49.707,0.974,55.24,normal,panel_overheating,2
2026-10-01 16:25:47,780.94,22.46,43.04,53.88,0.1,427.75,,15.52,6352.4,,0.180237,226.78,49.695,0.957,55.11,normal,sensor_dropout,3
2026-10-01 16:25:48,787.62,22.21,42.92,53.35,0.25,428.4,430.19,15.65,6497.61,6524.71,0.18205,226.7,49.71,0.969,54.98,normal,voltage_drift,1
2026-10-01 16:25:49,788.3,22.57,42.84,53.21,0.41,427.48,427.48,15.77,6618.75,6618.75,0.183888,226.27,49.738,0.982,54.59,normal,normal,0
2026-10-01 16:25:50,797.33,23.0,42.84,53.61,0.32,428.87,429.28,15.76,6493.51,6499.62,0.185694,226.0,49.746,0.961,54.4,normal,sensor_noise,1
2026-10-01 16:25:51,785.12,23.23,42.84,52.57,0,429.4,,15.79,6536.94,,0.185694,225.76,49.768,0.964,54.46,normal,sensor_dropout,3
2026-10-01 16:25:52,801.64,23.3,42.89,53.94,0.11,430.88,430.88,15.85,6625.54,6625.54,0.187534,225.94,49.755,0.97,54.17,normal,normal,0
2026-10-01 16:25:53,811.1,23.14,42.94,53.3,0.06,429.27,,16.36,6676.93,,0.187534,225.67,49.735,0.951,54.23,normal,sensor_dropout,3
2026-10-01 16:25:54,805.32,22.9,42.95,51.94,0,429.73,429.73,16.24,6732.27,6732.27,0.189404,225.47,49.728,0.965,54.06,normal,normal,0
2026-10-01 16:25:55,801.11,22.52,42.91,52.49,0,431.13,,15.98,6530.69,,0.189404,224.99,49.742,0.948,54.29,normal,sensor_dropout,3
2026-10-01 16:25:56,798.74,22.65,42.87,53.86,0.36,429.15,429.15,15.87,6632.55,6632.55,0.191247,225.14,49.718,0.974,54.32,normal,normal,0
2026-10-01 16:25:57,812.19,22.29,42.83,55.01,0.27,429.12,429.12,16.06,6524.62,6524.62,0.193059,225.22,49.714,0.947,88.52,overheating,inverter_overheating,3
2026-10-01 16:25:58,815.86,22.15,42.8,55.71,0,428.29,428.29,16.14,6725.78,6725.78,0.194927,225.42,49.711,0.973,54.35,normal,normal,0
2026-10-01 16:25:59,834.61,22.01,42.81,56.06,0,429.05,429.05,16.77,6946.48,6946.48,0.196857,225.09,49.713,0.966,54.63,normal,normal,0
2026-10-01 16:26:00,825.09,22.18,42.8,55.81,0.42,428.0,428.88,16.65,6955.01,6969.21,0.198793,224.85,49.738,0.976,54.61,normal,voltage_drift,1
2026-10-01 16:26:01,822.97,22.39,42.79,55.13,0.85,429.65,429.65,16.54,6790.46,6790.46,0.200679,224.92,49.73,0.956,54.58,normal,normal,0
2026-10-01 16:26:02,839.26,22.35,42.81,56.31,1.19,431.38,431.38,16.63,6819.32,6819.32,0.202573,224.89,49.742,0.95,54.84,normal,normal,0
2026-10-01 16:26:03,845.76,22.29,42.85,57.17,0.76,429.68,,16.96,7129.47,,0.202573,224.98,49.747,0.979,54.98,normal,sensor_dropout,3
2026-10-01 16:26:04,844.98,22.08,42.86,56.93,0.71,430.69,426.85,16.74,6828.55,6767.75,0.204453,225.28,49.717,0.947,54.81,normal,sensor_noise,1
2026-10-01 16:26:05,849.22,21.8,42.85,58.32,0.97,430.92,420,16.85,6888.3,6713.79,0.206318,225.71,49.709,0.949,55.01,normal,stuck_sensor,2
2026-10-01 16:26:06,861.29,21.55,42.85,56.88,0.95,432.43,432.43,17.05,7217.89,7217.89,0.208323,225.69,49.725,0.979,54.82,normal,normal,0
2026-10-01 16:26:07,848.04,21.36,42.77,56.35,1.42,433.97,433.97,16.78,7106.29,7106.29,0.210297,225.49,49.736,0.976,54.9,normal,normal,0
2026-10-01 16:26:08,835.16,20.99,42.65,55.43,1.2,432.42,433.78,16.7,7020.17,7042.18,0.212253,225.22,49.729,0.972,55.1,normal,voltage_drift,1
2026-10-01 16:26:09,834.14,20.83,42.5,55.27,1.62,430.9,433.9,16.58,6981.38,7029.96,0.214206,225.66,49.703,0.977,55.37,normal,voltage_drift,1
2026-10-01 16:26:10,839.49,21.03,42.42,54.12,1.27,429.92,429.92,16.62,6935.14,6935.14,0.216132,226.1,49.721,0.97,55.64,normal,normal,0
2026-10-01 16:26:11,844.17,21.12,42.36,54.61,1.2,430.47,432.43,16.77,6886.26,6917.62,0.218054,225.92,49.744,0.954,55.77,normal,voltage_drift,1
2026-10-01 16:26:12,825.49,21.57,42.31,53.39,1.22,431.9,431.9,16.32,6692.23,6692.23,0.219913,225.56,49.735,0.949,55.97,normal,normal,0
2026-10-01 16:26:13,842.17,21.97,42.34,54.3,1.24,430.6,420,16.96,6866.4,6697.37,0.221773,225.69,49.754,0.94,56.05,normal,stuck_sensor,2
2026-10-01 16:26:14,848.53,21.69,42.35,54.68,1.55,430.41,423.25,17.06,6990.12,6873.84,0.223683,225.97,49.751,0.952,56.17,normal,sensor_noise,1
2026-10-01 16:26:15,838.21,22.15,42.4,53.32,1.12,430.28,444.83,16.75,7001.87,7238.58,0.225693,225.76,49.777,0.972,56.27,normal,sensor_noise,1
2026-10-01 16:26:16,838.44,21.67,42.4,54.81,0.78,430.98,430.98,16.75,6994.95,6994.95,0.227636,225.89,49.754,0.969,55.88,normal,normal,0
2026-10-01 16:26:17,847.55,21.8,42.42,55.83,1.04,432.86,432.86,16.95,7250.78,7250.78,0.229651,226.23,49.745,0.988,55.72,normal,normal,0
2026-10-01 16:26:18,836.39,21.71,42.42,57.17,0.58,431.32,433.31,16.61,6974.59,7006.88,0.231597,226.53,49.722,0.973,55.6,normal,voltage_drift,1
2026-10-01 16:26:19,817.65,21.81,42.4,58.14,0.2,433.1,433.1,16.48,7012.71,7012.71,0.233545,226.07,49.736,0.983,55.57,normal,normal,0
2026-10-01 16:26:20,828.74,21.85,42.4,58.19,0.43,432.46,432.46,7.17,6817.05,2977.84,0.234372,226.35,49.717,0.961,55.51,normal,power_loss,2
2026-10-01 16:26:21,821.83,22.05,42.42,58.53,0.29,431.03,431.03,16.26,6683.15,6683.15,0.236229,226.33,49.7,0.954,55.21,normal,normal,0
2026-10-01 16:26:22,802.53,22.41,42.41,59.02,0.25,431.24,461.24,16.06,6635.12,7096.7,0.2382,226.47,49.72,0.958,55.19,normal,voltage_bias,2
2026-10-01 16:26:23,801.38,22.4,42.41,60.35,0.13,432.16,433.31,16.06,6723.02,6741.0,0.240072,226.02,49.715,0.969,55.33,normal,voltage_drift,1
2026-10-01 16:26:24,792.39,22.08,42.36,59.37,0.05,432.75,,15.81,6610.59,,0.240072,225.76,49.7,0.966,55.39,normal,sensor_dropout,3
2026-10-01 16:26:25,792.1,21.8,42.28,59.1,0,432.12,432.12,15.66,6488.34,6488.34,0.241875,226.22,49.705,0.959,55.01,normal,normal,0
2026-10-01 16:26:26,786.8,21.33,42.15,60.48,0.08,430.87,430.87,15.62,6455.14,6455.14,0.243668,226.7,49.705,0.959,54.64,normal,normal,0
2026-10-01 16:26:27,770.41,21.06,41.97,61.95,0,430.22,430.22,15.44,6479.66,6479.66,0.245468,227.11,49.735,0.975,54.56,normal,normal,0
2026-10-01 16:26:28,766.3,21.05,41.79,62.59,0,432.07,462.07,15.22,6418.21,6863.85,0.247374,226.72,49.753,0.976,54.46,normal,voltage_bias,2
2026-10-01 16:26:29,766.55,21.44,41.67,63.62,0.09,430.44,430.44,10.64,6560.21,4501.59,0.248625,226.72,49.747,0.983,54.55,normal,power_loss,2
2026-10-01 16:26:30,776.03,21.52,41.6,62.48,0,430.68,430.68,15.37,6226.78,6226.78,0.250354,256.4,49.772,0.941,54.55,normal,grid_voltage_anomaly,2
2026-10-01 16:26:31,757.11,21.75,41.49,62.26,0.44,430.24,460.24,15.25,6207.78,6640.64,0.252199,226.4,49.781,0.946,54.1,normal,voltage_bias,2
2026-10-01 16:26:32,741.89,21.3,41.32,61.05,0.16,430.41,420,14.64,6161.3,6012.24,0.253869,226.54,49.8,0.978,53.92,normal,stuck_sensor,2
2026-10-01 16:26:33,755.3,21.02,41.17,61.55,0.42,431.31,431.31,15.21,6412.25,6412.25,0.25565,226.18,49.804,0.978,85.77,overheating,inverter_overheating,3
2026-10-01 16:26:34,773.45,21.38,73.34,62.31,0.24,429.68,429.68,15.42,6501.55,6501.55,0.257456,225.97,49.794,0.981,53.89,normal,panel_overheating,2
2026-10-01 16:26:35,762.99,21.1,41.0,62.06,0.62,429.91,459.91,15.35,6351.24,6794.44,0.259344,226.25,49.774,0.962,54.03,normal,voltage_bias,2
2026-10-01 16:26:36,743.04,21.08,71.62,61.7,0.38,430.03,430.03,14.88,6268.59,6268.59,0.261085,226.36,49.777,0.98,53.73,normal,panel_overheating,2
2026-10-01 16:26:37,761.82,21.32,40.8,61.15,0.39,431.19,431.19,15.34,6362.64,6362.64,0.262852,226.47,49.805,0.962,53.85,normal,normal,0
2026-10-01 16:26:38,779.81,21.23,40.79,61.76,0,433.12,,15.63,6464.9,,0.262852,226.51,49.819,0.955,53.57,normal,sensor_dropout,3
2026-10-01 16:26:39,765.75,21.54,40.78,61.34,0,432.47,432.47,7.24,6390.66,3030.53,0.263694,226.83,49.807,0.967,53.79,normal,power_loss,2
2026-10-01 16:26:40,781.79,21.25,40.77,60.69,0.32,431.83,431.83,15.77,6708.74,6708.74,0.265558,227.08,49.805,0.985,80.23,overheating,inverter_overheating,3
2026-10-01 16:26:41,784.8,21.5,40.79,60.91,0.45,429.87,429.87,9.96,6387.45,4041.74,0.26668,226.97,49.787,0.944,53.78,normal,power_loss,2
2026-10-01 16:26:42,773.59,21.19,40.77,62.21,0.04,431.66,431.66,15.51,6618.49,6618.49,0.268519,226.54,49.782,0.988,53.64,normal,normal,0
2026-10-01 16:26:43,785.85,21.31,40.77,63.29,0.38,429.66,429.66,6.77,6527.4,2837.64,0.269307,226.83,49.795,0.976,53.86,normal,power_loss,2
2026-10-01 16:26:44,773.19,21.08,40.71,61.81,0.75,429.03,429.03,15.4,6417.51,6417.51,0.27109,226.62,49.77,0.971,54.09,normal,normal,0
2026-10-01 16:26:45,773.86,21.41,40.69,60.62,1.12,430.01,430.01,15.45,6531.7,6531.7,0.272904,226.3,49.747,0.983,54.08,normal,normal,0
2026-10-01 16:26:46,787.66,20.96,40.66,60.91,0.63,430.4,420,15.77,6657.2,6496.4,0.274709,226.22,49.719,0.981,54.22,normal,stuck_sensor,2
2026-10-01 16:26:47,793.91,21.06,40.67,60.32,0.43,428.87,428.87,15.86,6475.04,6475.04,0.276507,226.69,49.705,0.952,54.26,normal,normal,0
2026-10-01 16:26:48,795.78,20.89,40.66,58.97,0.72,429.27,430.53,15.86,6526.88,6546.0,0.278326,226.78,49.712,0.959,54.43,normal,voltage_drift,1
2026-10-01 16:26:49,786.96,21.03,40.65,59.74,0.73,428.23,428.23,15.59,6333.39,6333.39,0.280085,226.62,49.734,0.949,94.38,overheating,inverter_overheating,3
2026-10-01 16:26:50,789.13,21.48,40.69,60.44,0.39,427.08,427.08,15.91,6414.71,6414.71,0.281867,227.08,49.711,0.944,54.31,normal,normal,0
2026-10-01 16:26:51,805.23,21.91,40.81,60.97,0.44,427.86,420,16.07,6551.7,6431.34,0.283653,227.42,49.725,0.953,54.12,normal,stuck_sensor,2
2026-10-01 16:26:52,810.2,21.56,40.9,60.93,0.49,428.95,429.8,16.23,6887.21,6900.83,0.28557,227.39,49.7,0.989,53.87,normal,voltage_drift,1
2026-10-01 16:26:53,825.11,21.93,41.04,61.82,0.8,428.64,428.64,16.41,6743.64,6743.64,0.287443,227.66,49.708,0.959,54.17,normal,normal,0
2026-10-01 16:26:54,825.29,22.38,41.21,62.67,0.94,428.02,,16.43,6740.51,,0.287443,227.8,49.695,0.959,54.24,normal,sensor_dropout,3
2026-10-01 16:26:55,823.8,21.94,41.32,61.43,0.6,427.39,428.88,16.47,6796.39,6820.12,0.289338,227.46,49.711,0.966,54.19,normal,voltage_drift,1
2026-10-01 16:26:56,828.19,21.64,41.42,62.21,0.17,426.29,420,16.68,6962.23,6859.52,0.291243,227.02,49.741,0.979,54.12,normal,stuck_sensor,2
2026-10-01 16:26:57,809.69,21.68,41.46,61.64,0.57,428.07,434.42,16.29,6729.78,6829.62,0.29314,227.23,49.729,0.965,54.02,normal,sensor_noise,1
2026-10-01 16:26:58,795.3,21.61,41.45,62.36,0.44,427.9,427.9,15.98,6713.62,6713.62,0.295005,227.16,49.725,0.982,53.89,normal,normal,0
2026-10-01 16:26:59,801.91,22.06,41.49,62.74,0.66,426.35,426.35,16.19,6826.72,6826.72,0.296901,227.64,49.703,0.989,53.91,normal,normal,0
2026-10-01 16:27:00,807.21,21.83,41.51,63.88,1.1,425.02,425.02,16.14,6770.67,6770.67,0.298782,227.97,49.694,0.987,54.04,normal,normal,0
2026-10-01 16:27:01,820.85,22.09,41.6,65.36,0.63,426.38,426.38,16.5,6836.73,6836.73,0.300681,227.5,49.675,0.972,54.33,normal,normal,0
2026-10-01 16:27:02,820.11,21.62,41.63,65.82,0.78,426.37,426.37,16.42,6788.07,6788.07,0.302567,227.06,49.665,0.969,54.29,normal,normal,0
2026-10-01 16:27:03,816.02,21.3,41.62,65.53,0.54,428.29,430.12,16.22,6785.18,6814.2,0.30446,227.17,49.638,0.977,54.5,normal,voltage_drift,1
2026-10-01 16:27:04,796.87,21.63,41.6,66.05,0.47,429.92,429.92,15.85,6581.14,6581.14,0.306288,227.33,49.619,0.966,54.61,normal,normal,0
2026-10-01 16:27:05,783.82,21.9,41.57,65.01,0.63,431.34,431.34,15.73,6652.82,6652.82,0.308136,226.85,49.644,0.98,54.79,normal,normal,0
2026-10-01 16:27:06,783.85,22.34,41.6,64.76,0.34,432.58,432.58,15.83,6749.49,6749.49,0.310011,226.41,49.647,0.986,54.42,normal,normal,0
2026-10-01 16:27:07,786.16,22.78,41.66,65.99,0.69,434.21,420,15.54,6457.96,6246.57,0.311746,226.36,49.659,0.957,54.45,normal,stuck_sensor,2
2026-10-01 16:27:08,769.2,22.64,41.66,64.7,0.86,434.57,464.57,15.42,6309.94,6745.53,0.31362,226.09,49.673,0.941,54.06,normal,voltage_bias,2
2026-10-01 16:27:09,763.5,22.2,41.61,65.13,0.36,434.46,434.46,15.42,6572.55,6572.55,0.315445,225.71,49.649,0.981,53.93,normal,normal,0
2026-10-01 16:27:10,745.62,22.14,84.42,64.17,0,432.81,432.81,14.81,6314.68,6314.68,0.317199,226.09,49.649,0.985,53.5,normal,panel_overheating,2
2026-10-01 16:27:11,759.87,22.62,41.52,65.38,0.47,432.24,,15.25,6202.95,,0.317199,226.0,49.665,0.941,53.24,normal,sensor_dropout,3
2026-10-01 16:27:12,740.7,22.52,41.47,64.04,0.02,431.07,431.07,9.64,6237.51,4008.45,0.318313,225.65,49.662,0.965,53.34,normal,power_loss,2
2026-10-01 16:27:13,759.32,22.72,41.49,62.91,0.12,429.91,437.41,15.38,6485.89,6599.05,0.320146,225.19,49.682,0.981,53.32,normal,sensor_noise,1
2026-10-01 16:27:14,767.03,22.23,41.48,62.23,0.01,430.24,,15.48,6554.56,,0.320146,225.1,49.692,0.984,53.16,normal,sensor_dropout,3
2026-10-01 16:27:15,767.45,22.1,41.46,62.78,0.07,431.16,431.16,15.25,6335.51,6335.51,0.321906,224.94,49.695,0.964,53.07,normal,normal,0
2026-10-01 16:27:16,781.28,21.87,41.45,64.2,0,432.92,,15.75,6629.32,,0.321906,224.67,49.689,0.972,53.22,normal,sensor_dropout,3
2026-10-01 16:27:17,782.02,22.18,41.47,63.93,0.41,434.03,420,15.53,6659.4,6444.2,0.323696,224.67,49.698,0.988,53.2,normal,stuck_sensor,2
2026-10-01 16:27:18,767.6,22.39,41.47,65.14,0.37,434.13,435.24,15.29,6313.81,6329.83,0.325454,224.53,49.715,0.951,53.15,normal,voltage_drift,1
2026-10-01 16:27:19,750.73,21.95,41.38,66.22,0.37,433.01,433.01,14.94,6216.97,6216.97,0.327181,224.46,49.73,0.961,52.94,normal,normal,0
2026-10-01 16:27:20,764.91,22.34,41.37,65.7,0.71,432.4,420,15.22,6238.89,6059.94,0.328864,224.5,49.725,0.948,52.86,normal,stuck_sensor,2
2026-10-01 16:27:21,760.3,22.02,41.32,66.83,0.48,433.85,433.85,15.33,6362.56,6362.56,0.330632,224.59,49.737,0.957,91.56,overheating,inverter_overheating,3
2026-10-01 16:27:22,759.89,21.66,41.23,66.29,0.8,431.9,433.72,15.17,6393.45,6420.43,0.332415,224.31,49.737,0.976,52.58,normal,sensor_noise,1
2026-10-01 16:27:23,744.73,21.61,41.1,67.16,1.03,431.75,431.75,14.84,6147.36,6147.36,0.334123,224.61,49.757,0.959,84.32,overheating,inverter_overheating,3
2026-10-01 16:27:24,745.8,21.9,41.03,66.09,0.64,429.92,429.92,14.82,6204.36,6204.36,0.335846,224.87,49.736,0.974,52.37,normal,normal,0
2026-10-01 16:27:25,736.92,22.26,40.97,64.72,0.81,430.84,430.84,14.7,6055.11,6055.11,0.337528,225.12,49.745,0.956,52.2,normal,normal,0
2026-10-01 16:27:26,747.96,22.22,40.93,65.27,1.26,429.58,435.29,15.06,6255.73,6338.93,0.339289,225.57,49.731,0.967,51.93,normal,sensor_noise,1
2026-10-01 16:27:27,731.89,21.89,40.82,65.91,1.14,430.9,430.9,14.54,5935.08,5935.08,0.340938,225.78,49.729,0.947,83.83,overheating,inverter_overheating,3
2026-10-01 16:27:28,743.05,22.21,40.79,66.73,0.67,429.02,429.02,14.89,6177.93,6177.93,0.342654,225.33,49.713,0.967,52.04,normal,normal,0
2026-10-01 16:27:29,734.77,22.48,40.79,66.59,0.3,430.22,430.22,7.54,5926.4,3074.5,0.343508,225.5,49.685,0.948,52.27,normal,power_loss,2
2026-10-01 16:27:30,726.54,22.57,40.76,67.08,0.69,429.02,459.02,14.54,5878.3,6289.34,0.345255,225.1,49.705,0.942,52.33,normal,voltage_bias,2
2026-10-01 16:27:31,729.1,22.92,40.79,67.09,0.55,429.02,420,14.48,5940.28,5815.45,0.34687,225.12,49.716,0.956,52.42,normal,stuck_sensor,2
2026-10-01 16:27:32,711.54,22.9,40.75,67.28,0.74,430.69,430.69,14.17,5775.52,5775.52,0.348475,225.15,49.729,0.946,52.14,normal,normal,0
2026-10-01 16:27:33,714.14,22.4,40.68,68.21,0.69,429.5,,14.41,5950.08,,0.348475,225.3,49.707,0.962,52.0,normal,sensor_dropout,3
2026-10-01 16:27:34,699.92,22.7,40.61,68.25,0.82,427.63,457.63,14.19,5757.87,6161.8,0.350186,224.85,49.693,0.949,52.14,normal,voltage_bias,2
2026-10-01 16:27:35,693.99,23.08,40.57,67.4,0.91,429.32,,13.82,5723.29,,0.350186,225.01,49.673,0.964,52.04,normal,sensor_dropout,3
2026-10-01 16:27:36,694.31,23.31,40.54,68.84,1.1,428.26,430.15,14.06,5866.42,5892.31,0.351823,224.85,49.674,0.974,51.8,normal,sensor_noise,1
2026-10-01 16:27:37,694.43,22.92,40.48,68.34,1.15,428.42,,13.72,5614.79,,0.351823,224.72,49.645,0.955,51.54,normal,sensor_dropout,3
2026-10-01 16:27:38,711.15,23.4,40.52,67.02,1.18,426.8,426.8,14.39,5819.04,5819.04,0.353439,225.11,49.622,0.948,51.52,normal,normal,0
2026-10-01 16:27:39,727.15,23.25,40.56,68.06,1.56,428.45,,14.53,5857.08,,0.353439,224.62,49.606,0.941,51.82,normal,sensor_dropout,3
2026-10-01 16:27:40,731.29,22.81,40.57,69.09,1.42,428.23,458.23,14.66,6021.06,6442.87,0.355229,224.55,49.626,0.959,51.71,normal,voltage_bias,2
2026-10-01 16:27:41,712.55,23.16,71.9,68.61,0.99,426.33,426.33,14.41,6068.02,6068.02,0.356915,224.79,49.653,0.987,51.46,normal,panel_overheating,2
2026-10-01 16:27:42,701.05,23.49,40.58,69.95,1.4,425.8,425.8,13.96,5883.02,5883.02,0.358549,224.88,49.665,0.99,90.49,overheating,inverter_overheating,3
2026-10-01 16:27:43,708.06,23.68,40.63,70.44,0.93,426.74,429.98,14.35,6021.87,6067.54,0.360234,224.78,49.694,0.984,51.6,normal,sensor_noise,1
2026-10-01 16:27:44,701.9,23.38,40.63,71.71,1.21,426.8,426.8,14.05,5703.63,5703.63,0.361819,224.44,49.719,0.951,51.64,normal,normal,0
2026-10-01 16:27:45,707.78,23.07,40.62,71.77,0.78,427.78,427.78,14.05,5796.28,5796.28,0.363429,224.03,49.698,0.965,51.83,normal,normal,0
2026-10-01 16:27:46,688.1,23.28,40.58,72.47,0.83,428.69,419.86,13.9,5865.54,5744.74,0.365024,223.55,49.683,0.984,51.67,normal,sensor_noise,1
2026-10-01 16:27:47,672.0,23.08,40.5,71.47,0.47,429.01,459.01,13.28,5546.25,5934.09,0.366673,223.49,49.693,0.973,51.54,normal,voltage_bias,2
2026-10-01 16:27:48,682.08,23.02,40.44,72.78,0.33,429.03,429.03,13.59,5515.14,5515.14,0.368205,223.43,49.705,0.946,51.33,normal,normal,0
2026-10-01 16:27:49,688.46,22.58,40.36,73.36,0.51,427.31,420,13.94,5639.68,5543.22,0.369744,223.38,49.725,0.947,51.1,normal,stuck_sensor,2
2026-10-01 16:27:50,692.92,22.35,40.28,74.58,0.49,427.35,420,13.83,5724.19,5625.74,0.371307,222.88,49.748,0.968,51.02,normal,stuck_sensor,2
2026-10-01 16:27:51,684.56,22.26,40.17,73.38,0.56,429.15,429.15,13.81,5852.72,5852.72,0.372933,223.07,49.749,0.988,94.66,overheating,inverter_overheating,3
2026-10-01 16:27:52,679.78,22.51,40.1,73.05,0.26,427.45,457.45,13.51,5580.55,5972.22,0.374592,222.92,49.729,0.966,50.68,normal,voltage_bias,2
2026-10-01 16:27:53,693.93,22.97,40.1,73.84,0.75,425.96,427.0,14.07,5917.25,5931.71,0.37624,222.62,49.741,0.987,50.76,normal,voltage_drift,1
2026-10-01 16:27:54,684.97,22.58,40.04,74.43,0.66,427.14,427.14,13.84,5614.7,5614.7,0.377799,222.88,49.759,0.95,50.61,normal,normal,0
2026-10-01 16:27:55,699.26,22.8,40.05,75.89,0.31,427.22,427.22,13.92,5608.81,5608.81,0.379357,222.55,49.768,0.943,84.46,overheating,inverter_overheating,3
2026-10-01 16:27:56,712.84,22.79,40.11,76.12,0,426.15,427.23,14.31,5922.22,5937.27,0.381006,222.91,49.778,0.971,50.29,normal,voltage_drift,1
2026-10-01 16:27:57,711.76,23.25,40.2,75.2,0,426.32,456.32,14.14,5856.71,6268.85,0.382748,223.27,49.78,0.971,50.26,normal,voltage_bias,2
2026-10-01 16:27:58,727.35,23.69,40.36,74.48,0.39,426.91,427.52,14.5,5836.58,5844.93,0.384371,223.26,49.781,0.943,50.55,normal,voltage_drift,1
2026-10-01 16:27:59,744.21,23.62,40.52,75.45,0.81,428.74,428.74,15.08,6208.34,6208.34,0.386096,223.37,49.762,0.96,50.48,normal,normal,0
2026-10-01 16:28:00,726.25,23.43,40.59,75.09,1.13,428.47,428.47,14.34,6015.19,6015.19,0.387767,223.22,49.751,0.979,50.74,normal,normal,0
2026-10-01 16:28:01,739.96,23.53,40.7,73.99,1.19,427.81,427.81,14.96,6302.89,6302.89,0.389518,222.73,49.738,0.985,91.28,overheating,inverter_overheating,3
2026-10-01 16:28:02,744.33,23.09,40.75,73.3,1.51,426.68,426.68,15.02,6176.76,6176.76,0.391233,222.44,49.761,0.964,83.89,overheating,inverter_overheating,3
2026-10-01 16:28:03,737.73,23.27,40.8,73.1,1.85,424.71,424.71,14.79,6206.04,6206.04,0.392957,222.52,49.756,0.988,51.13,normal,normal,0
2026-10-01 16:28:04,741.96,23.38,40.85,72.63,1.82,423.19,423.19,14.95,6088.86,6088.86,0.394649,222.9,49.736,0.962,50.97,normal,normal,0
2026-10-01 16:28:05,756.86,23.24,40.93,74.13,1.86,423.74,423.74,15.09,6226.43,6226.43,0.396378,223.24,49.754,0.974,51.43,normal,normal,0
2026-10-01 16:28:06,745.15,23.21,83.67,73.22,1.78,423.0,423.0,14.79,6042.11,6042.11,0.398057,223.73,49.77,0.966,51.3,normal,panel_overheating,2
2026-10-01 16:28:07,754.17,23.66,41.06,74.47,1.97,421.66,422.32,14.97,6067.87,6077.41,0.399745,223.33,49.755,0.962,51.65,normal,voltage_drift,1
2026-10-01 16:28:08,743.68,23.42,41.11,75.26,1.66,421.24,421.24,15.0,6033.81,6033.81,0.401421,223.05,49.727,0.955,51.67,normal,normal,0
2026-10-01 16:28:09,758.97,23.88,41.23,75.24,1.68,422.31,422.31,15.03,6126.08,6126.08,0.403122,223.51,49.713,0.965,51.82,normal,normal,0
2026-10-01 16:28:10,759.91,23.44,41.29,74.3,2.04,420.81,420,15.02,5949.22,5937.79,0.404772,223.57,49.686,0.941,51.93,normal,stuck_sensor,2
2026-10-01 16:28:11,769.05,23.33,41.34,74.99,2.49,421.94,420,15.19,6180.54,6152.15,0.406481,223.92,49.688,0.965,52.09,normal,stuck_sensor,2
2026-10-01 16:28:12,785.08,23.0,41.38,74.49,2.91,423.04,453.04,15.57,6242.22,6684.89,0.408338,223.69,49.661,0.948,52.52,normal,voltage_bias,2
2026-10-01 16:28:13,783.82,22.82,41.39,74.91,3.26,421.87,421.87,15.57,6494.9,6494.9,0.410142,223.47,49.644,0.989,52.44,normal,normal,0
2026-10-01 16:28:14,791.58,22.7,41.41,74.46,2.9,420.98,419.12,15.82,6459.05,6430.55,0.411928,223.46,49.672,0.97,52.82,normal,sensor_noise,1
2026-10-01 16:28:15,784.8,22.26,41.37,75.27,2.99,421.8,421.8,10.66,6342.73,4325.72,0.41313,223.01,49.674,0.962,52.76,normal,power_loss,2
2026-10-01 16:28:16,767.63,22.4,41.29,74.1,3.3,423.4,453.4,15.45,6375.5,6827.24,0.415026,222.81,49.682,0.974,52.65,normal,voltage_bias,2
2026-10-01 16:28:17,755.93,22.18,41.16,73.17,3.51,425.07,426.76,14.93,6169.06,6193.64,0.416747,222.87,49.668,0.972,52.36,normal,voltage_drift,1
2026-10-01 16:28:18,741.24,22.16,41.02,72.34,3.3,424.63,454.63,14.91,5985.49,6408.36,0.418527,222.8,49.693,0.945,52.26,normal,voltage_bias,2
2026-10-01 16:28:19,739.3,22.6,40.91,71.55,3.75,424.61,425.54,14.59,5847.84,5860.74,0.420155,222.52,49.696,0.944,51.97,normal,sensor_noise,1
2026-10-01 16:28:20,735.01,22.76,75.87,70.55,3.52,425.41,425.41,14.68,5914.48,5914.48,0.421798,222.73,49.677,0.947,52.19,normal,panel_overheating,2
2026-10-01 16:28:21,723.03,22.31,40.68,70.01,3.46,424.78,424.78,14.58,5962.66,5962.66,0.423454,223.22,49.706,0.962,51.85,normal,normal,0
2026-10-01 16:28:22,742.97,22.05,40.56,70.98,3.7,423.2,423.2,8.44,6014.87,3405.42,0.4244,223.66,49.686,0.953,51.64,normal,power_loss,2
2026-10-01 16:28:23,737.2,22.23,78.43,72.32,3.68,423.67,423.67,14.9,6136.22,6136.22,0.426104,223.71,49.696,0.972,51.58,normal,panel_overheating,2
2026-10-01 16:28:24,754.19,22.5,40.45,71.32,3.47,421.78,,15.16,6150.13,,0.426104,224.01,49.679,0.962,51.93,normal,sensor_dropout,3
2026-10-01 16:28:25,756.36,22.32,40.42,72.0,3.46,420.46,450.46,15.13,6166.03,6605.97,0.427939,223.79,49.677,0.969,51.86,normal,voltage_bias,2
2026-10-01 16:28:26,736.83,22.61,40.37,70.64,3.67,418.72,412.54,14.54,6007.48,5918.83,0.429583,223.8,49.681,0.987,52.03,normal,sensor_noise,1
2026-10-01 16:28:27,734.41,22.59,40.32,70.54,3.74,420.59,420.59,14.5,5861.15,5861.15,0.431212,195.67,49.664,0.961,52.12,normal,grid_voltage_anomaly,2
2026-10-01 16:28:28,743.88,22.55,40.3,70.53,3.5,421.55,422.14,14.85,6164.58,6173.29,0.432926,223.71,49.689,0.985,52.1,normal,voltage_drift,1
2026-10-01 16:28:29,760.91,22.95,77.31,69.56,3.28,421.05,421.05,15.33,6136.92,6136.92,0.434631,224.01,49.685,0.951,52.09,normal,panel_overheating,2
2026-10-01 16:28:30,764.98,22.54,40.4,69.28,3.14,419.65,419.65,15.49,6142.88,6142.88,0.436337,224.41,49.677,0.945,51.98,normal,normal,0
2026-10-01 16:28:31,750.13,22.97,40.43,69.19,3.33,418.09,427.97,15.19,5996.19,6137.9,0.438042,224.56,49.696,0.944,52.31,normal,sensor_noise,1
2026-10-01 16:28:32,736.14,23.14,87.69,69.02,3.31,420.07,420.07,14.56,5912.62,5912.62,0.439685,224.2,49.714,0.967,52.42,normal,panel_overheating,2
2026-10-01 16:28:33,719.24,22.96,40.39,70.03,3.52,420.75,420.75,14.23,5675.84,5675.84,0.441261,224.49,49.714,0.948,52.4,normal,normal,0
2026-10-01 16:28:34,709.09,23.35,40.35,70.54,3.53,421.96,,14.01,5642.31,,0.441261,224.23,49.706,0.954,52.38,normal,sensor_dropout,3
2026-10-01 16:28:35,717.13,23.69,80.28,69.69,4.01,420.45,420.45,14.18,5713.32,5713.32,0.442848,223.98,49.722,0.959,52.54,normal,panel_overheating,2
2026-10-01 16:28:36,702.8,23.83,40.36,70.57,3.51,422.14,422.14,14.18,5668.24,5668.24,0.444423,223.49,49.693,0.947,52.55,normal,normal,0
2026-10-01 16:28:37,718.44,23.83,40.41,70.34,3.17,422.6,424.13,14.18,5657.3,5677.75,0.446,223.24,49.718,0.944,52.43,normal,voltage_drift,1
2026-10-01 16:28:38,734.24,23.97,40.5,70.96,3.21,421.41,,14.84,6146.43,,0.446,223.12,49.721,0.983,52.6,normal,sensor_dropout,3
2026-10-01 16:28:39,736.57,23.99,40.61,69.62,2.84,419.88,419.88,14.85,5940.04,5940.04,0.44765,223.16,49.726,0.953,52.71,normal,normal,0
2026-10-01 16:28:40,745.43,24.37,83.8,69.01,3.34,418.03,418.03,14.78,5962.74,5962.74,0.449306,222.79,49.722,0.965,52.53,normal,panel_overheating,2
2026-10-01 16:28:41,750.84,24.64,40.91,69.43,3.48,416.31,401.32,14.94,6114.48,5894.26,0.450944,222.97,49.728,0.983,52.78,normal,sensor_noise,1
2026-10-01 16:28:42,761.78,25.07,41.13,69.66,3.24,417.98,417.98,15.24,6026.13,6026.13,0.452618,222.68,49.706,0.946,52.65,normal,normal,0
2026-10-01 16:28:43,771.99,24.72,41.32,70.72,3.48,416.49,446.49,15.63,6206.95,6654.04,0.454466,222.57,49.687,0.954,52.66,normal,voltage_bias,2
2026-10-01 16:28:44,779.76,24.89,41.52,70.75,3.39,416.36,416.36,15.69,6345.9,6345.9,0.456229,223.07,49.693,0.971,52.57,normal,normal,0
2026-10-01 16:28:45,786.59,24.86,41.71,71.43,3.57,416.31,416.31,15.9,6411.93,6411.93,0.45801,222.96,49.683,0.969,88.88,overheating,inverter_overheating,3
2026-10-01 16:28:46,804.73,25.23,41.97,71.03,3.69,414.75,420,16.21,6637.92,6721.99,0.459877,222.76,49.701,0.987,52.71,normal,stuck_sensor,2
2026-10-01 16:28:47,793.87,25.32,42.17,71.63,3.81,416.67,416.67,16.03,6445.48,6445.48,0.461667,222.49,49.702,0.965,53.01,normal,normal,0
2026-10-01 16:28:48,792.61,25.51,84.71,72.32,3.51,416.48,416.48,15.9,6436.48,6436.48,0.463455,222.86,49.679,0.972,53.24,normal,panel_overheating,2
2026-10-01 16:28:49,786.26,25.56,42.57,73.8,3.28,415.37,445.37,15.78,6161.55,6606.56,0.465291,222.62,49.674,0.94,53.19,normal,voltage_bias,2
2026-10-01 16:28:50,766.55,25.81,42.7,74.71,3.63,415.14,415.94,15.25,6234.66,6246.63,0.467026,222.26,49.702,0.985,53.09,normal,voltage_drift,1
2026-10-01 16:28:51,777.66,25.57,42.81,73.33,3.95,413.68,413.68,15.55,6067.02,6067.02,0.468711,221.85,49.711,0.943,52.99,normal,normal,0
2026-10-01 16:28:52,767.93,25.27,42.86,74.16,4.03,413.55,413.55,15.19,6190.16,6190.16,0.470431,222.28,49.729,0.986,52.7,normal,normal,0
2026-10-01 16:28:53,774.05,25.42,42.94,74.56,3.81,412.98,412.98,15.45,6222.17,6222.17,0.472159,222.08,49.715,0.975,52.95,normal,normal,0
2026-10-01 16:28:54,790.84,25.31,43.03,73.89,4.04,413.78,413.78,15.92,6331.64,6331.64,0.473918,222.44,49.708,0.961,53.0,normal,normal,0
2026-10-01 16:28:55,782.89,25.51,43.1,72.9,4.33,415.31,420,15.47,6256.45,6327.14,0.475675,222.92,49.703,0.974,52.98,normal,stuck_sensor,2
2026-10-01 16:28:56,779.42,25.6,43.17,72.27,4.34,415.04,415.76,15.44,6290.3,6301.12,0.477426,223.16,49.716,0.981,53.11,normal,voltage_drift,1
2026-10-01 16:28:57,777.38,25.12,43.17,72.86,4.65,415.49,,15.39,6053.88,,0.477426,223.07,49.716,0.947,53.08,normal,sensor_dropout,3
2026-10-01 16:28:58,777.67,24.99,43.17,73.68,4.33,415.06,417.66,15.51,6327.02,6366.63,0.479194,222.73,49.701,0.983,53.3,normal,sensor_noise,1
2026-10-01 16:28:59,761.56,24.92,43.1,74.92,4.8,414.28,414.28,15.05,5917.14,5917.14,0.480838,223.08,49.69,0.949,52.99,normal,normal,0
2026-10-01 16:29:00,746.79,25.06,43.02,76.36,4.92,413.96,414.81,14.74,6029.52,6041.98,0.482516,222.78,49.68,0.988,53.05,normal,voltage_drift,1
2026-10-01 16:29:01,754.13,24.86,42.95,75.92,4.52,413.18,443.18,14.97,5938.57,6369.75,0.484285,223.15,49.663,0.96,53.12,normal,voltage_bias,2
2026-10-01 16:29:02,758.87,24.46,42.86,75.28,4.66,411.49,411.49,15.03,6072.01,6072.01,0.485972,222.87,49.692,0.982,53.01,normal,normal,0
2026-10-01 16:29:03,752.2,24.06,42.72,76.77,4.63,409.95,397.5,15.21,6060.72,5876.59,0.487604,222.66,49.712,0.972,52.99,normal,sensor_noise,1
2026-10-01 16:29:04,770.35,23.8,42.63,76.88,4.2,408.26,,15.54,6012.23,,0.487604,222.64,49.717,0.947,52.85,normal,sensor_dropout,3
2026-10-01 16:29:05,759.83,23.48,42.48,78.26,4.34,409.47,,15.23,6113.46,,0.487604,222.92,49.739,0.98,53.06,normal,sensor_dropout,3
2026-10-01 16:29:06,767.28,23.19,42.33,79.52,4.62,410.47,410.47,15.24,5938.85,5938.85,0.489254,222.98,49.76,0.949,53.35,normal,normal,0
2026-10-01 16:29:07,758.71,23.35,42.18,80.51,4.94,410.5,440.5,15.03,5980.74,6417.82,0.491037,222.97,49.751,0.969,53.51,normal,voltage_bias,2
2026-10-01 16:29:08,758.3,23.17,42.04,81.61,4.53,411.06,411.06,15.15,5910.66,5910.66,0.492679,223.13,49.736,0.949,53.57,normal,normal,0
2026-10-01 16:29:09,776.99,23.6,41.99,80.93,4.9,411.0,441.0,15.44,6257.15,6713.88,0.494544,223.59,49.755,0.986,53.32,normal,voltage_bias,2
2026-10-01 16:29:10,770.32,23.38,41.92,82.06,4.49,411.78,420,15.4,6135.52,6257.97,0.496282,223.21,49.738,0.968,53.46,normal,stuck_sensor,2
2026-10-01 16:29:11,756.66,23.09,41.8,81.43,4.22,411.55,411.55,14.97,5999.14,5999.14,0.497948,223.43,49.745,0.974,53.64,normal,normal,0
2026-10-01 16:29:12,740.21,23.39,41.68,80.98,4.54,411.94,411.94,7.95,5971.4,3230.11,0.498846,223.43,49.759,0.987,53.45,normal,power_loss,2
2026-10-01 16:29:13,757.96,23.55,41.63,81.02,4.43,413.88,420,15.34,6018.38,6107.4,0.500542,223.86,49.732,0.948,53.26,normal,stuck_sensor,2
2026-10-01 16:29:14,739.21,23.79,70.27,82.25,4.39,413.51,413.51,14.97,6023.32,6023.32,0.502215,223.44,49.71,0.973,53.19,normal,panel_overheating,2
2026-10-01 16:29:15,751.7,23.9,41.54,81.13,4.37,413.65,413.65,15.07,6103.3,6103.3,0.503911,223.09,49.702,0.979,52.97,normal,normal,0
2026-10-01 16:29:16,771.3,24.22,41.6,80.26,4.66,412.63,412.63,15.56,6045.0,6045.0,0.50559,206.52,49.73,0.941,52.73,normal,grid_voltage_anomaly,2
2026-10-01 16:29:17,771.36,24.68,41.7,79.28,4.39,411.64,411.64,15.38,6101.79,6101.79,0.507285,222.74,49.707,0.964,52.84,normal,normal,0
2026-10-01 16:29:18,772.1,24.9,41.83,79.72,3.97,409.93,409.93,15.63,6244.25,6244.25,0.509019,222.56,49.693,0.974,52.98,normal,normal,0
2026-10-01 16:29:19,787.57,24.53,89.9,78.61,3.47,407.93,407.93,15.94,6186.57,6186.57,0.510738,222.31,49.714,0.951,53.15,normal,panel_overheating,2
2026-10-01 16:29:20,771.26,24.1,42.0,78.37,3.71,407.63,417.54,15.57,6263.87,6416.25,0.51252,222.0,49.693,0.987,53.03,normal,sensor_noise,1
2026-10-01 16:29:21,775.96,23.9,42.01,79.11,3.88,406.48,420,15.42,5998.79,6198.37,0.514242,222.18,49.721,0.957,53.06,normal,stuck_sensor,2
2026-10-01 16:29:22,777.29,23.61,41.99,79.41,3.97,405.51,405.51,15.59,5957.11,5957.11,0.515897,222.05,49.751,0.942,53.08,normal,normal,0
2026-10-01 16:29:23,788.8,23.8,42.04,80.43,3.72,406.2,406.2,15.6,6234.58,6234.58,0.517628,222.06,49.733,0.984,53.18,normal,normal,0
2026-10-01 16:29:24,807.67,24.2,42.15,81.09,4.17,405.17,406.17,16.22,6485.03,6500.96,0.519434,221.93,49.754,0.987,53.4,normal,sensor_noise,1
2026-10-01 16:29:25,820.57,24.59,42.31,82.36,4.37,403.97,405.01,16.59,6541.67,6558.6,0.521256,221.83,49.751,0.976,53.43,normal,voltage_drift,1
2026-10-01 16:29:26,826.68,24.25,42.44,81.22,4.39,405.93,392.58,16.52,6560.12,6344.42,0.523018,222.24,49.749,0.978,53.3,normal,sensor_noise,1
2026-10-01 16:29:27,843.43,24.41,42.6,81.7,4.69,404.33,,16.73,6517.62,,0.523018,221.87,49.752,0.964,53.59,normal,sensor_dropout,3
2026-10-01 16:29:28,835.63,24.72,42.77,80.76,4.57,403.55,403.55,16.78,6520.77,6520.77,0.52483,222.08,49.745,0.963,92.57,overheating,inverter_overheating,3
2026-10-01 16:29:29,853.97,24.24,42.92,81.53,4.32,405.47,435.47,17.18,6582.72,7069.77,0.526794,222.08,49.751,0.945,54.27,normal,voltage_bias,2
2026-10-01 16:29:30,844.81,24.66,89.08,82.05,4.63,407.21,407.21,16.99,6637.75,6637.75,0.528637,221.96,49.742,0.959,54.54,normal,panel_overheating,2
2026-10-01 16:29:31,832.44,24.54,43.16,81.33,4.53,406.8,406.8,16.58,6419.57,6419.57,0.530421,222.09,49.751,0.952,54.74,normal,normal,0
2026-10-01 16:29:32,823.59,24.68,43.22,82.72,4.95,405.65,402.94,16.64,6389.44,6346.7,0.532184,222.23,49.772,0.947,54.54,normal,sensor_noise,1
2026-10-01 16:29:33,828.1,24.69,43.28,82.94,5.28,404.85,406.54,16.69,6630.36,6658.16,0.534033,222.46,49.742,0.981,54.31,normal,voltage_drift,1
2026-10-01 16:29:34,830.58,24.57,43.31,81.55,5.73,406.21,406.21,16.45,6554.26,6554.26,0.535854,222.09,49.734,0.981,97.51,overheating,inverter_overheating,3
2026-10-01 16:29:35,818.25,24.54,43.32,82.93,5.24,404.34,,16.34,6464.17,,0.535854,222.43,49.722,0.979,54.77,normal,sensor_dropout,3
2026-10-01 16:29:36,805.33,24.76,43.31,83.25,5.6,405.15,407.39,16.03,6409.55,6445.08,0.537644,222.66,49.743,0.987,54.68,normal,voltage_drift,1
2026-10-01 16:29:37,785.96,24.53,43.24,83.9,5.34,406.51,406.51,15.81,6216.14,6216.14,0.539371,222.86,49.728,0.967,91.61,overheating,inverter_overheating,3
2026-10-01 16:29:38,795.72,24.9,43.25,84.37,4.87,408.13,411.9,16.09,6185.04,6242.08,0.541105,222.79,49.731,0.942,54.87,normal,sensor_noise,1
2026-10-01 16:29:39,796.25,24.97,43.27,83.3,4.86,409.42,439.42,15.84,6415.62,6885.73,0.543017,222.41,49.717,0.989,54.99,normal,voltage_bias,2
2026-10-01 16:29:40,808.77,25.25,43.34,84.37,5.01,410.74,413.73,16.37,6348.97,6395.17,0.544794,222.67,49.718,0.944,54.63,normal,sensor_noise,1
2026-10-01 16:29:41,803.0,25.45,43.39,84.81,5.43,412.24,412.24,16.18,6293.03,6293.03,0.546542,222.93,49.746,0.943,54.55,normal,normal,0
2026-10-01 16:29:42,806.62,25.78,43.49,83.33,5.19,413.45,413.45,16.31,6375.2,6375.2,0.548313,190.41,49.76,0.945,54.67,normal,grid_voltage_anomaly,2
2026-10-01 16:29:43,793.04,25.41,43.52,84.5,4.72,411.57,399.35,15.71,6338.06,6149.76,0.550021,222.94,49.786,0.98,54.83,normal,sensor_noise,1
2026-10-01 16:29:44,788.08,24.92,43.48,83.32,5.2,412.21,412.21,15.88,6289.16,6289.16,0.551768,222.54,49.77,0.961,54.47,normal,normal,0
2026-10-01 16:29:45,797.81,24.58,43.42,84.45,5.58,410.44,,16.01,6208.07,,0.551768,222.27,49.782,0.945,54.13,normal,sensor_dropout,3
2026-10-01 16:29:46,801.05,24.58,43.38,85.4,5.18,412.37,420,16.03,6266.45,6382.45,0.553541,222.69,49.779,0.948,53.86,normal,stuck_sensor,2
2026-10-01 16:29:47,811.17,25.02,43.4,84.51,5.56,412.32,442.32,16.33,6407.09,6873.27,0.55545,223.09,49.757,0.951,54.06,normal,voltage_bias,2
2026-10-01 16:29:48,801.5,25.49,43.46,85.81,5.36,413.08,443.08,16.06,6427.87,6894.69,0.557365,223.2,49.745,0.969,53.83,normal,voltage_bias,2
2026-10-01 16:29:49,803.88,25.95,43.56,85.84,5.05,411.27,422.03,16.02,6465.97,6635.13,0.559208,222.91,49.755,0.981,53.98,normal,sensor_noise,1
2026-10-01 16:29:50,816.79,26.09,43.72,86.09,4.6,410.82,,16.22,6473.68,,0.559208,222.43,49.76,0.971,54.0,normal,sensor_dropout,3
2026-10-01 16:29:51,823.08,25.77,43.84,84.76,4.69,412.09,442.09,16.41,6473.15,6944.4,0.561137,222.38,49.754,0.957,54.27,normal,voltage_bias,2
2026-10-01 16:29:52,807.47,26.16,74.24,85.88,4.94,410.9,410.9,16.26,6339.99,6339.99,0.562898,222.52,49.775,0.949,54.42,normal,panel_overheating,2
2026-10-01 16:29:53,790.45,26.51,44.02,86.17,5.2,409.16,439.16,15.69,6083.12,6529.13,0.564712,222.73,49.75,0.947,54.2,normal,voltage_bias,2
2026-10-01 16:29:54,793.77,26.99,44.14,85.97,5.26,410.31,410.31,15.7,6179.11,6179.11,0.566429,222.79,49.755,0.959,54.09,normal,normal,0
2026-10-01 16:29:55,791.75,27.19,44.27,84.74,5.42,410.09,410.09,6.58,6292.38,2610.6,0.567154,222.84,49.771,0.967,53.88,normal,power_loss,2
2026-10-01 16:29:56,803.69,26.75,44.37,83.77,5.17,410.4,410.4,15.99,6384.24,6384.24,0.568927,222.63,49.772,0.973,53.94,normal,normal,0
2026-10-01 16:29:57,821.33,26.47,44.47,83.51,5.53,410.57,412.47,16.38,6359.43,6388.8,0.570702,222.21,49.796,0.945,53.75,normal,voltage_drift,1
2026-10-01 16:29:58,840.67,26.48,44.6,82.92,5.61,410.54,410.54,16.92,6700.83,6700.83,0.572563,222.29,49.807,0.965,54.17,normal,normal,0
2026-10-01 16:29:59,844.71,26.36,44.73,81.61,5.25,412.36,413.23,16.99,6624.28,6638.18,0.574407,222.6,49.778,0.945,54.57,normal,voltage_drift,1
2026-10-01 16:30:00,842.79,26.08,44.81,80.84,5.54,411.7,411.7,16.67,6753.1,6753.1,0.576283,222.29,49.768,0.984,80.91,overheating,inverter_overheating,3
2026-10-01 16:30:01,850.05,26.05,44.9,81.17,5.26,413.6,,17.14,6789.76,,0.576283,222.18,49.757,0.958,54.97,normal,sensor_dropout,3
2026-10-01 16:30:02,869.87,26.53,45.08,80.35,5.07,414.33,414.33,17.43,7044.89,7044.89,0.57824,222.59,49.751,0.975,55.2,normal,normal,0
2026-10-01 16:30:03,874.19,26.85,45.28,80.75,5.37,415.28,415.28,17.66,7082.7,7082.7,0.580207,222.12,49.777,0.966,55.59,normal,normal,0
2026-10-01 16:30:04,854.69,26.71,45.4,79.78,5.59,416.84,416.84,16.96,6755.03,6755.03,0.582084,222.2,49.796,0.955,55.78,normal,normal,0
2026-10-01 16:30:05,867.64,26.94,45.55,80.87,5.58,415.31,416.66,17.33,6914.13,6936.56,0.58401,222.38,49.776,0.96,55.84,normal,voltage_drift,1
2026-10-01 16:30:06,851.26,26.58,45.62,81.35,5.37,414.03,414.03,17.06,6662.07,6662.07,0.585861,222.43,49.792,0.943,55.93,normal,normal,0
2026-10-01 16:30:07,834.78,26.23,45.62,81.17,4.93,413.44,413.44,16.71,6725.33,6725.33,0.587729,222.84,49.768,0.973,55.88,normal,normal,0
2026-10-01 16:30:08,848.84,26.7,45.69,80.33,5.36,411.96,441.96,17.01,6915.71,7419.33,0.58979,223.07,49.768,0.987,56.08,normal,voltage_bias,2
2026-10-01 16:30:09,842.01,26.71,45.73,79.05,5.42,410.45,410.45,16.87,6556.86,6556.86,0.591611,223.33,49.764,0.947,80.39,overheating,inverter_overheating,3
2026-10-01 16:30:10,841.79,27.2,45.81,79.21,5.78,410.06,410.06,16.85,6671.33,6671.33,0.593465,223.58,49.748,0.966,56.05,normal,normal,0
2026-10-01 16:30:11,860.05,26.89,45.89,80.29,6.14,408.26,408.26,17.2,6719.05,6719.05,0.595331,224.01,49.724,0.957,56.08,normal,normal,0
2026-10-01 16:30:12,862.36,26.51,45.93,79.21,5.64,409.33,403.05,17.11,6681.33,6578.91,0.597158,224.44,49.72,0.954,55.82,normal,sensor_noise,1
2026-10-01 16:30:13,879.84,26.14,84.02,77.79,5.28,410.92,410.92,17.5,6852.45,6852.45,0.599062,224.38,49.735,0.953,55.97,normal,panel_overheating,2
2026-10-01 16:30:14,867.17,26.31,46.04,78.74,5.14,410.5,410.5,7.2,6748.1,2820.71,0.599845,224.84,49.746,0.955,55.93,normal,power_loss,2
2026-10-01 16:30:15,853.19,26.31,46.04,78.04,5.27,409.98,439.98,17.04,6851.92,7353.3,0.601888,225.03,49.763,0.981,55.69,normal,voltage_bias,2
2026-10-01 16:30:16,837.42,25.97,45.98,79.28,5.02,411.32,411.32,16.76,6672.34,6672.34,0.603741,224.91,49.753,0.968,55.41,normal,normal,0
2026-10-01 16:30:17,849.73,25.9,45.94,79.04,5.32,409.78,409.78,16.98,6778.0,6778.0,0.605624,224.56,49.762,0.974,55.27,normal,normal,0
2026-10-01 16:30:18,862.97,26.37,45.98,79.14,5.23,410.18,410.18,17.38,6832.73,6832.73,0.607522,225.02,49.746,0.959,55.31,normal,normal,0
2026-10-01 16:30:19,850.77,26.8,46.03,78.32,5.28,409.96,409.96,17.06,6654.77,6654.77,0.609371,225.39,49.724,0.951,55.25,normal,normal,0
2026-10-01 16:30:20,847.42,26.44,46.02,79.8,5.58,409.71,409.71,17.0,6783.88,6783.88,0.611255,225.67,49.752,0.974,55.53,normal,normal,0
2026-10-01 16:30:21,844.71,26.48,46.01,81.07,5.82,410.76,410.76,16.83,6654.06,6654.06,0.613104,225.65,49.757,0.963,55.66,normal,normal,0
2026-10-01 16:30:22,861.75,26.1,46.0,81.64,5.61,409.36,439.36,17.41,6999.1,7512.03,0.61519,225.31,49.739,0.982,55.76,normal,voltage_bias,2
2026-10-01 16:30:23,875.65,26.05,46.02,82.77,5.83,410.76,410.76,17.42,6946.47,6946.47,0.61712,224.85,49.729,0.971,55.67,normal,normal,0
2026-10-01 16:30:24,884.44,26.17,46.06,82.92,6.12,412.65,412.65,17.49,7079.35,7079.35,0.619086,224.75,49.724,0.981,55.82,normal,normal,0
2026-10-01 16:30:25,888.01,26.08,46.11,81.91,5.66,413.17,414.89,17.71,7190.02,7220.0,0.621092,224.28,49.74,0.983,55.89,normal,voltage_drift,1
2026-10-01 16:30:26,897.37,25.65,46.13,81.56,5.99,413.31,413.31,18.12,7210.77,7210.77,0.623095,224.25,49.745,0.963,93.78,overheating,inverter_overheating,3
2026-10-01 16:30:27,904.52,25.72,46.16,82.72,6.44,412.04,412.04,17.9,7017.07,7017.07,0.625044,224.17,49.772,0.951,96.13,overheating,inverter_overheating,3
2026-10-01 16:30:28,896.82,25.25,46.12,81.47,6.35,413.77,413.77,17.74,6987.0,6987.0,0.626985,223.79,49.765,0.952,93.84,overheating,inverter_overheating,3
2026-10-01 16:30:29,906.06,25.36,46.12,80.99,6.14,412.33,412.33,18.22,7149.67,7149.67,0.628971,224.25,49.789,0.952,56.26,normal,normal,0
2026-10-01 16:30:30,917.67,25.05,46.14,80.82,5.7,414.14,414.14,18.49,7471.75,7471.75,0.631046,261.87,49.809,0.976,56.23,normal,grid_voltage_anomaly,2
2026-10-01 16:30:31,923.49,25.53,46.21,81.17,5.9,412.84,402.52,18.35,7201.64,7021.6,0.632997,224.56,49.817,0.951,56.27,normal,sensor_noise,1
2026-10-01 16:30:32,909.75,25.87,46.26,81.5,6.39,412.12,442.12,18.19,7188.96,7712.28,0.635139,224.96,49.788,0.959,56.51,normal,voltage_bias,2
2026-10-01 16:30:33,901.04,26.37,81.96,80.19,6.01,412.64,412.64,18.21,7205.49,7205.49,0.637141,225.05,49.783,0.959,56.44,normal,panel_overheating,2
2026-10-01 16:30:34,911.28,25.89,46.4,81.3,5.74,413.61,443.61,18.35,7340.92,7873.38,0.639328,225.18,49.763,0.967,56.46,normal,voltage_bias,2
2026-10-01 16:30:35,922.64,26.06,46.51,80.97,5.6,412.27,420,18.33,7438.69,7578.08,0.641433,225.65,49.783,0.984,56.4,normal,stuck_sensor,2
2026-10-01 16:30:36,930.75,26.35,46.67,81.51,5.12,413.24,413.24,18.58,7516.45,7516.45,0.643521,226.08,49.779,0.979,56.54,normal,normal,0
2026-10-01 16:30:37,941.33,25.87,46.78,82.09,5.45,413.94,415.74,18.88,7509.79,7542.4,0.645616,226.43,49.766,0.961,56.83,normal,voltage_drift,1
2026-10-01 16:30:38,958.73,25.82,46.9,80.95,5.87,414.09,420,19.0,7669.98,7779.36,0.647777,226.08,49.769,0.975,57.29,normal,stuck_sensor,2
2026-10-01 16:30:39,960.12,26.28,47.05,81.57,6.15,412.2,412.2,12.15,7713.17,4863.77,0.649128,226.57,49.749,0.971,57.31,normal,power_loss,2
2026-10-01 16:30:40,949.87,25.99,47.15,80.93,5.73,413.82,420,18.82,7493.92,7605.75,0.65124,226.3,49.734,0.962,57.15,normal,stuck_sensor,2
2026-10-01 16:30:41,968.83,26.11,47.29,79.88,5.89,412.32,,19.43,7742.23,,0.65124,226.7,49.73,0.967,57.08,normal,sensor_dropout,3
2026-10-01 16:30:42,959.54,25.68,47.35,78.71,6.15,413.72,425.47,19.04,7560.26,7774.87,0.6534,226.96,49.731,0.96,57.0,normal,sensor_noise,1
2026-10-01 16:30:43,941.67,25.98,47.38,79.43,6.1,411.88,411.88,18.79,7496.36,7496.36,0.655482,227.04,49.73,0.969,57.18,normal,normal,0
2026-10-01 16:30:44,932.0,25.58,47.35,79.48,6.15,411.46,411.46,18.46,7513.1,7513.1,0.657569,227.21,49.719,0.989,57.36,normal,normal,0
2026-10-01 16:30:45,916.92,25.65,78.79,80.46,5.98,409.48,409.48,18.41,7377.6,7377.6,0.659619,227.15,49.692,0.978,57.55,normal,panel_overheating,2
2026-10-01 16:30:46,936.27,25.75,47.29,80.67,6.37,407.97,407.97,18.59,7250.49,7250.49,0.661633,227.22,49.7,0.956,98.87,overheating,inverter_overheating,3
2026-10-01 16:30:47,946.59,25.85,47.32,81.31,6.14,409.25,410.93,18.77,7509.32,7540.1,0.663727,227.6,49.671,0.977,57.94,normal,voltage_drift,1
2026-10-01 16:30:48,936.47,25.99,47.34,80.55,6.36,409.36,411.89,18.68,7412.94,7458.62,0.665799,227.33,49.653,0.969,57.68,normal,voltage_drift,1
2026-10-01 16:30:49,942.66,25.95,47.37,81.78,6.4,408.24,396.42,18.69,7464.27,7248.15,0.667812,227.54,49.642,0.979,57.97,normal,sensor_noise,1
2026-10-01 16:30:50,927.24,26.22,47.37,83.25,6.73,409.84,439.84,18.48,7413.18,7955.82,0.670022,227.78,49.666,0.979,57.97,normal,voltage_bias,2
2026-10-01 16:30:51,926.77,26.63,47.41,84.38,6.75,410.61,440.61,18.48,7288.84,7821.38,0.672195,227.68,49.637,0.961,58.0,normal,voltage_bias,2
2026-10-01 16:30:52,914.32,26.2,47.37,85.17,6.76,411.72,441.72,18.46,7482.09,8027.28,0.674425,227.81,49.657,0.985,58.1,normal,voltage_bias,2
2026-10-01 16:30:53,915.01,25.82,47.29,83.86,7.12,413.36,413.36,18.15,7308.54,7308.54,0.676455,228.2,49.679,0.974,57.95,normal,normal,0
2026-10-01 16:30:54,918.33,26.03,47.26,84.76,6.72,413.84,,18.2,7334.96,,0.676455,228.1,49.698,0.974,57.85,normal,sensor_dropout,3
2026-10-01 16:30:55,918.59,25.83,47.2,84.36,7.11,412.01,420,18.36,7411.38,7555.03,0.678554,228.13,49.676,0.98,57.55,normal,stuck_sensor,2
2026-10-01 16:30:56,922.92,25.44,47.11,84.63,7.33,413.66,443.66,18.41,7360.63,7894.44,0.680746,227.73,49.671,0.967,57.34,normal,voltage_bias,2
2026-10-01 16:30:57,914.67,25.01,46.97,85.3,7.2,413.26,413.26,18.28,7265.1,7265.1,0.682765,227.79,49.656,0.962,57.38,normal,normal,0
2026-10-01 16:30:58,898.67,25.36,46.85,83.93,6.87,413.14,414.06,17.88,7142.18,7158.01,0.684753,227.57,49.629,0.967,57.38,normal,voltage_drift,1
2026-10-01 16:30:59,883.25,25.3,46.7,85.0,6.72,412.09,442.09,17.66,7024.25,7535.62,0.686846,227.2,49.657,0.965,57.0,normal,voltage_bias,2
2026-10-01 16:31:00,866.06,25.74,46.59,83.73,6.22,413.43,413.43,9.75,6984.86,3897.81,0.687929,227.58,49.659,0.967,57.01,normal,power_loss,2
2026-10-01 16:31:01,876.59,26.05,46.54,84.36,6.08,413.95,413.95,17.52,7067.27,7067.27,0.689892,227.25,49.669,0.974,57.0,normal,normal,0
2026-10-01 16:31:02,891.67,25.79,46.52,85.26,5.82,414.93,,17.76,7254.28,,0.689892,227.57,49.699,0.984,56.82,normal,sensor_dropout,3
2026-10-01 16:31:03,896.7,25.63,46.49,86.25,6.02,416.01,416.64,18.02,7056.9,7067.48,0.691855,227.25,49.708,0.941,56.57,normal,voltage_drift,1
2026-10-01 16:31:04,886.17,26.12,46.5,85.5,5.83,415.44,416.71,17.6,6922.14,6943.32,0.693784,227.41,49.692,0.947,56.87,normal,voltage_drift,1
2026-10-01 16:31:05,892.78,26.22,46.52,86.53,6.09,417.18,417.18,17.87,7343.77,7343.77,0.695824,227.86,49.714,0.985,56.96,normal,normal,0
2026-10-01 16:31:06,887.83,26.34,46.53,85.65,6.35,417.94,417.94,17.87,7241.65,7241.65,0.697835,227.93,49.71,0.969,56.74,normal,normal,0
2026-10-01 16:31:07,895.58,26.16,46.55,85.03,6.19,418.35,418.35,17.78,7304.68,7304.68,0.699864,228.08,49.716,0.982,56.55,normal,normal,0
2026-10-01 16:31:08,876.84,25.93,46.5,83.86,5.84,420.28,422.1,17.36,6893.36,6923.27,0.701788,228.46,49.725,0.945,56.63,normal,voltage_drift,1
2026-10-01 16:31:09,887.17,26.22,78.7,84.17,5.8,422.08,422.08,17.55,7139.96,7139.96,0.703771,228.57,49.741,0.964,56.5,normal,panel_overheating,2
2026-10-01 16:31:10,867.19,25.73,46.44,85.27,5.64,423.7,423.7,17.49,7258.51,7258.51,0.705787,228.57,49.74,0.979,56.25,normal,normal,0
2026-10-01 16:31:11,867.77,25.37,46.32,85.45,5.93,422.35,423.68,17.19,7163.64,7186.26,0.707783,228.68,49.737,0.987,56.29,normal,voltage_drift,1
2026-10-01 16:31:12,876.65,25.06,46.2,86.35,6.37,423.75,423.75,17.69,7165.82,7165.82,0.709774,228.54,49.72,0.956,56.13,normal,normal,0
2026-10-01 16:31:13,889.8,24.8,46.09,86.82,6.39,425.43,425.43,17.6,7086.46,7086.46,0.711742,228.16,49.706,0.947,55.98,normal,normal,0
2026-10-01 16:31:14,891.16,24.64,45.98,86.56,6.4,426.0,426.0,17.94,7435.34,7435.34,0.713808,264.46,49.729,0.973,55.86,normal,grid_voltage_anomaly,2
2026-10-01 16:31:15,885.97,25.11,45.92,86.82,6.29,427.44,427.44,17.66,7257.43,7257.43,0.715824,228.4,49.745,0.961,55.82,normal,normal,0
2026-10-01 16:31:16,905.64,24.9,45.9,87.95,6.18,426.57,426.57,18.29,7400.32,7400.32,0.717879,228.21,49.744,0.949,84.91,overheating,inverter_overheating,3
2026-10-01 16:31:17,915.27,25.2,45.92,87.49,6.63,424.89,424.89,18.15,7332.35,7332.35,0.719916,228.18,49.766,0.951,56.0,normal,normal,0
2026-10-01 16:31:18,923.5,24.78,72.49,86.42,7.06,426.24,426.24,18.4,7648.57,7648.57,0.722041,228.5,49.743,0.975,56.16,normal,panel_overheating,2
2026-10-01 16:31:19,922.67,24.61,45.87,84.96,7.02,428.03,428.03,18.65,7866.26,7866.26,0.724226,228.71,49.756,0.986,56.13,normal,normal,0
2026-10-01 16:31:20,925.85,24.8,45.87,85.96,6.88,426.52,,18.53,7442.73,,0.724226,229.12,49.778,0.942,56.15,normal,sensor_dropout,3
2026-10-01 16:31:21,935.61,24.61,45.87,86.06,6.92,427.58,457.58,18.59,7758.06,8302.38,0.726532,229.21,49.757,0.976,56.05,normal,voltage_bias,2
2026-10-01 16:31:22,930.9,24.69,89.08,84.76,7.0,427.07,427.07,18.64,7783.9,7783.9,0.728694,229.17,49.731,0.978,56.22,normal,panel_overheating,2
2026-10-01 16:31:23,917.98,25.01,45.87,85.97,7.1,427.34,428.21,18.36,7655.7,7671.31,0.730825,229.35,49.736,0.976,56.28,normal,voltage_drift,1
2026-10-01 16:31:24,936.06,24.65,89.42,86.52,6.63,425.35,425.35,18.81,7815.45,7815.45,0.732996,229.75,49.717,0.977,56.52,normal,panel_overheating,2
2026-10-01 16:31:25,924.24,24.97,45.9,86.71,7.04,426.42,456.42,18.34,7519.41,8048.43,0.735232,229.63,49.715,0.962,56.72,normal,voltage_bias,2
2026-10-01 16:31:26,905.66,25.4,45.9,87.05,6.87,425.65,425.65,17.97,7201.72,7201.72,0.737232,229.48,49.737,0.941,56.67,normal,normal,0
2026-10-01 16:31:27,886.16,25.81,45.9,86.64,7.05,426.52,427.38,17.59,7333.94,7348.73,0.739273,229.3,49.716,0.977,56.43,normal,voltage_drift,1
2026-10-01 16:31:28,900.5,26.1,45.96,87.93,6.96,427.73,430.44,17.97,7450.21,7497.27,0.741356,228.85,49.7,0.969,56.49,normal,voltage_drift,1
2026-10-01 16:31:29,903.17,26.16,46.02,88.71,7.44,425.81,425.81,7.6,7415.46,3095.54,0.742216,228.44,49.7,0.956,56.74,normal,power_loss,2
2026-10-01 16:31:30,918.15,25.68,46.06,87.55,7.33,427.01,457.01,18.49,7689.99,8230.25,0.744502,228.75,49.709,0.974,56.6,normal,voltage_bias,2
2026-10-01 16:31:31,908.79,25.33,46.03,86.86,7.51,428.66,428.66,18.31,7431.59,7431.59,0.746566,228.94,49.738,0.947,56.5,normal,normal,0
2026-10-01 16:31:32,928.46,25.71,46.11,87.62,7.17,429.88,,18.5,7488.05,,0.746566,229.17,49.717,0.942,56.65,normal,sensor_dropout,3
2026-10-01 16:31:33,938.03,25.66,46.18,88.86,7.55,431.01,431.01,18.71,7717.18,7717.18,0.74871,228.71,49.73,0.957,56.84,normal,normal,0
2026-10-01 16:31:34,925.37,25.96,46.24,87.46,7.57,432.17,432.17,18.35,7827.51,7827.51,0.750884,229.08,49.715,0.987,56.92,normal,normal,0
2026-10-01 16:31:35,930.56,25.6,46.27,86.78,8.0,432.53,432.53,18.48,7803.23,7803.23,0.753052,229.43,49.73,0.976,57.27,normal,normal,0
2026-10-01 16:31:36,925.17,25.13,46.21,87.58,8.38,431.4,431.4,18.62,7895.46,7895.46,0.755245,229.1,49.749,0.983,57.13,normal,normal,0
2026-10-01 16:31:37,922.16,24.9,46.12,87.34,8.8,429.84,429.84,18.49,7863.44,7863.44,0.757429,229.02,49.779,0.989,57.47,normal,normal,0
2026-10-01 16:31:38,904.61,24.83,46.0,88.01,8.48,431.16,,18.18,7497.08,,0.757429,228.61,49.785,0.957,57.23,normal,sensor_dropout,3
2026-10-01 16:31:39,890.72,25.03,45.87,88.66,8.84,430.71,460.71,17.82,7550.3,8076.2,0.759673,228.93,49.808,0.983,57.21,normal,voltage_bias,2
2026-10-01 16:31:40,901.47,25.07,45.79,87.91,8.4,432.04,432.04,18.03,7564.72,7564.72,0.761774,228.89,49.835,0.971,57.16,normal,normal,0
2026-10-01 16:31:41,895.24,25.19,45.7,88.73,8.79,433.76,433.76,17.81,7339.14,7339.14,0.763813,265.81,49.826,0.95,57.26,normal,grid_voltage_anomaly,2
2026-10-01 16:31:42,908.25,24.97,45.62,87.92,9.21,431.88,431.88,7.86,7805.49,3350.95,0.764744,229.52,49.853,0.988,57.33,normal,power_loss,2
2026-10-01 16:31:43,914.43,24.94,45.57,87.89,9.04,433.26,433.26,18.14,7468.29,7468.29,0.766818,229.74,49.88,0.95,57.23,normal,normal,0
2026-10-01 16:31:44,922.12,24.64,45.52,89.2,8.71,435.01,420,18.47,7678.12,7413.13,0.768877,230.07,49.877,0.955,57.13,normal,stuck_sensor,2
2026-10-01 16:31:45,916.85,24.36,45.44,90.38,8.7,434.88,434.88,18.37,7748.68,7748.68,0.77103,229.9,49.85,0.97,57.43,normal,normal,0
2026-10-01 16:31:46,903.22,24.56,45.36,89.61,8.35,435.44,438.16,17.86,7354.32,7400.12,0.773085,229.58,49.865,0.945,57.43,normal,sensor_noise,1
2026-10-01 16:31:47,897.96,24.28,45.25,88.45,8.15,434.14,434.14,17.89,7640.42,7640.42,0.775208,229.25,49.866,0.984,57.57,normal,normal,0
2026-10-01 16:31:48,894.13,24.09,45.13,89.24,7.91,433.54,433.54,17.72,7235.48,7235.48,0.777218,229.62,49.85,0.942,97.35,overheating,inverter_overheating,3
2026-10-01 16:31:49,877.19,23.79,44.95,88.49,8.13,434.43,434.43,17.34,7235.59,7235.59,0.779227,260.97,49.833,0.96,57.74,normal,grid_voltage_anomaly,2
2026-10-01 16:31:50,865.52,23.45,44.73,88.16,7.72,433.2,433.2,17.27,7149.58,7149.58,0.781213,229.28,49.843,0.956,57.83,normal,normal,0
2026-10-01 16:31:51,858.02,23.38,44.5,89.32,8.13,434.95,440.1,17.04,6983.72,7066.38,0.783176,229.71,49.845,0.943,57.66,normal,sensor_noise,1
2026-10-01 16:31:52,865.05,23.27,44.29,90.32,8.12,434.61,434.61,11.86,7226.96,4955.37,0.784553,229.76,49.853,0.961,57.46,normal,power_loss,2
2026-10-01 16:31:53,870.83,23.67,44.15,89.59,8.51,434.34,434.34,17.27,7336.79,7336.79,0.786591,229.55,49.863,0.978,57.18,normal,normal,0
2026-10-01 16:31:54,883.39,24.12,44.11,89.5,8.36,436.24,437.81,17.67,7343.52,7369.92,0.788638,230.03,49.873,0.953,57.15,normal,voltage_drift,1
2026-10-01 16:31:55,878.01,23.94,44.04,90.61,8.06,435.05,435.05,17.43,7300.73,7300.73,0.790666,230.31,49.86,0.963,57.22,normal,normal,0
2026-10-01 16:31:56,871.2,23.79,43.96,91.81,7.88,435.09,428.67,17.23,7344.37,7235.89,0.792676,229.86,49.874,0.98,57.16,normal,sensor_noise,1
2026-10-01 16:31:57,852.14,24.06,43.86,92.37,7.99,434.02,434.02,16.93,7226.88,7226.88,0.794683,229.67,49.865,0.984,56.75,normal,normal,0
2026-10-01 16:31:58,839.19,24.02,43.74,91.4,7.86,433.44,463.44,16.87,7216.63,7716.12,0.796827,229.39,49.87,0.987,56.39,normal,voltage_bias,2
2026-10-01 16:31:59,846.17,24.5,43.69,91.77,8.18,431.77,431.77,16.73,6929.44,6929.44,0.798752,229.47,49.862,0.959,56.34,normal,normal,0
2026-10-01 16:32:00,863.61,24.71,43.72,91.1,7.69,433.66,433.66,17.27,7300.74,7300.74,0.80078,229.06,49.852,0.975,56.01,normal,normal,0
2026-10-01 16:32:01,880.14,25.05,43.83,90.51,7.24,433.39,435.11,17.53,7358.48,7387.79,0.802832,228.82,49.871,0.969,55.95,normal,voltage_drift,1
2026-10-01 16:32:02,898.82,24.94,43.97,89.22,7.44,434.7,464.7,17.91,7696.78,8227.96,0.805117,228.83,49.863,0.989,56.05,normal,voltage_bias,2
2026-10-01 16:32:03,912.16,24.57,44.08,89.11,7.59,434.94,434.94,18.31,7590.2,7590.2,0.807226,229.11,49.85,0.953,56.07,normal,normal,0
2026-10-01 16:32:04,901.59,24.91,44.2,88.43,7.37,433.93,433.93,18.1,7440.58,7440.58,0.809293,229.5,49.826,0.947,56.34,normal,normal,0
2026-10-01 16:32:05,917.39,25.38,44.38,89.29,7.76,434.95,435.8,18.2,7700.4,7715.52,0.811436,229.34,49.823,0.973,56.71,normal,voltage_drift,1
2026-10-01 16:32:06,908.46,25.1,44.5,89.47,7.44,436.09,436.09,18.23,7848.47,7848.47,0.813616,229.37,49.821,0.987,56.86,normal,normal,0
2026-10-01 16:32:07,917.27,24.63,44.57,90.91,7.86,436.76,436.76,18.47,7760.73,7760.73,0.815772,229.02,49.804,0.962,57.07,normal,normal,0
2026-10-01 16:32:08,935.68,24.41,44.66,90.84,7.78,434.9,434.9,18.81,7956.48,7956.48,0.817982,229.23,49.831,0.973,56.99,normal,normal,0
2026-10-01 16:32:09,946.79,24.77,44.79,89.64,7.99,434.65,464.65,18.93,7921.3,8468.04,0.820334,229.65,49.836,0.963,57.37,normal,voltage_bias,2
2026-10-01 16:32:10,932.69,25.22,79.94,89.12,7.79,434.05,434.05,18.55,7787.28,7787.28,0.822497,229.36,49.827,0.967,57.19,normal,panel_overheating,2
2026-10-01 16:32:11,937.25,25.12,45.05,88.86,8.28,434.64,434.64,18.87,8042.75,8042.75,0.824731,229.62,49.798,0.981,97.2,overheating,inverter_overheating,3
2026-10-01 16:32:12,933.51,25.48,45.17,89.31,8.58,433.88,433.88,18.87,7853.2,7853.2,0.826913,229.23,49.789,0.959,57.61,normal,normal,0
2026-10-01 16:32:13,928.35,25.87,45.32,87.96,8.11,435.28,,18.75,7704.18,,0.826913,228.85,49.795,0.944,57.83,normal,sensor_dropout,3
2026-10-01 16:32:14,940.25,25.76,45.46,87.71,8.2,433.36,433.36,18.69,7951.74,7951.74,0.829121,228.75,49.801,0.982,58.11,normal,normal,0
2026-10-01 16:32:15,928.04,26.16,45.61,89.19,8.12,431.67,431.67,18.46,7811.16,7811.16,0.831291,229.02,49.816,0.98,58.19,normal,normal,0
2026-10-01 16:32:16,930.27,26.49,45.79,89.82,7.85,431.08,431.08,8.03,7739.36,3324.15,0.832215,228.66,49.817,0.96,58.2,normal,power_loss,2
2026-10-01 16:32:17,938.47,26.07,45.94,88.5,7.49,431.96,431.96,18.89,7844.73,7844.73,0.834394,229.0,49.795,0.962,58.22,normal,normal,0
2026-10-01 16:32:18,918.54,25.87,46.01,88.52,7.32,430.98,420,18.5,7862.76,7662.41,0.836522,228.72,49.794,0.986,57.9,normal,stuck_sensor,2
2026-10-01 16:32:19,937.58,25.44,46.07,88.69,7.4,432.18,432.51,18.63,7730.8,7736.67,0.838671,228.62,49.797,0.96,57.81,normal,sensor_noise,1
2026-10-01 16:32:20,941.91,25.46,46.13,88.65,7.88,432.4,432.4,18.76,7998.93,7998.93,0.840893,228.76,49.814,0.986,57.99,normal,normal,0
2026-10-01 16:32:21,954.58,24.99,46.17,88.53,7.74,431.48,431.48,19.19,8074.08,8074.08,0.843136,228.92,49.83,0.975,99.38,overheating,inverter_overheating,3
2026-10-01 16:32:22,957.16,25.15,46.22,89.21,7.9,429.86,429.86,11.08,8096.28,4653.81,0.844429,228.99,49.856,0.977,58.06,normal,power_loss,2
2026-10-01 16:32:23,964.87,25.6,46.35,88.64,7.44,428.09,428.09,19.25,7790.55,7790.55,0.846593,229.01,49.847,0.945,57.88,normal,normal,0
2026-10-01 16:32:24,974.54,26.04,46.53,88.7,7.55,429.94,439.41,19.55,8288.83,8471.34,0.848946,228.54,49.876,0.986,58.13,normal,sensor_noise,1
2026-10-01 16:32:25,959.51,25.74,46.61,88.07,8.04,430.78,431.65,19.15,7946.71,7962.82,0.851158,228.62,49.883,0.963,58.33,normal,voltage_drift,1
2026-10-01 16:32:26,978.9,25.45,46.7,88.07,8.03,430.11,,19.54,8019.79,,0.851158,229.06,49.879,0.954,58.21,normal,sensor_dropout,3
2026-10-01 16:32:27,977.41,25.53,46.78,87.52,8.22,430.54,445.34,19.44,7970.76,8244.82,0.853448,229.52,49.884,0.952,58.41,normal,sensor_noise,1
2026-10-01 16:32:28,963.14,25.14,46.78,86.52,8.13,432.21,432.21,19.06,7970.49,7970.49,0.855662,229.03,49.861,0.967,58.33,normal,normal,0
2026-10-01 16:32:29,960.15,24.66,46.72,86.75,8.2,433.33,433.33,19.35,8270.43,8270.43,0.857959,229.19,49.882,0.986,58.4,normal,normal,0
2026-10-01 16:32:30,942.73,24.56,46.6,85.33,8.69,434.27,434.27,18.72,7956.84,7956.84,0.86017,229.04,49.881,0.979,58.2,normal,normal,0
2026-10-01 16:32:31,952.79,24.95,46.55,85.32,8.77,433.72,433.72,12.4,7992.92,5177.01,0.861608,229.19,49.888,0.962,58.02,normal,power_loss,2
2026-10-01 16:32:32,954.03,25.3,46.56,86.07,8.47,435.21,435.21,18.97,7775.01,7775.01,0.863767,196.27,49.858,0.942,58.27,normal,grid_voltage_anomaly,2
2026-10-01 16:32:33,959.67,25.14,46.58,85.18,8.0,434.05,464.05,19.15,7818.52,8358.9,0.866089,229.58,49.878,0.941,58.61,normal,voltage_bias,2
2026-10-01 16:32:34,946.38,24.74,46.52,84.56,7.96,434.75,420,18.8,7906.19,7638.0,0.868211,229.34,49.902,0.967,58.62,normal,stuck_sensor,2
2026-10-01 16:32:35,950.12,24.92,88.42,84.87,8.26,432.77,432.77,18.96,8106.69,8106.69,0.870463,229.59,49.925,0.988,58.55,normal,panel_overheating,2
2026-10-01 16:32:36,968.98,24.55,46.46,86.31,8.4,432.39,432.39,19.23,7932.66,7932.66,0.872666,229.23,49.9,0.954,58.77,normal,normal,0
2026-10-01 16:32:37,980.95,24.11,46.42,86.17,8.68,433.18,433.18,19.71,8238.92,8238.92,0.874955,229.1,49.912,0.965,58.71,normal,normal,0
2026-10-01 16:32:38,966.95,23.71,46.32,86.64,8.35,431.76,433.13,19.38,8069.75,8095.3,0.877204,229.55,49.919,0.964,58.97,normal,voltage_drift,1
2026-10-01 16:32:39,976.43,23.78,46.26,86.81,8.02,431.67,461.67,19.47,8099.65,8662.55,0.87961,229.62,49.895,0.964,59.14,normal,voltage_bias,2
2026-10-01 16:32:40,978.21,24.03,79.38,86.73,8.36,433.0,433.0,19.38,7953.05,7953.05,0.881819,229.83,49.908,0.948,59.22,normal,panel_overheating,2
2026-10-01 16:32:41,984.69,23.68,46.2,85.87,8.18,433.28,435.27,19.67,8384.22,8422.66,0.884159,229.38,49.925,0.984,59.31,normal,sensor_noise,1
2026-10-01 16:32:42,1000,23.18,46.16,86.96,7.94,432.19,420,19.81,8090.76,7862.49,0.886343,229.1,49.922,0.945,59.42,normal,stuck_sensor,2
2026-10-01 16:32:43,1000,23.23,81.96,87.11,8.36,434.19,434.19,20.12,8545.65,8545.65,0.888716,229.24,49.929,0.978,59.53,normal,panel_overheating,2
2026-10-01 16:32:44,1000,22.78,46.03,85.75,8.34,434.36,420,20.15,8275.76,8002.15,0.890939,229.49,49.918,0.946,59.8,normal,stuck_sensor,2
2026-10-01 16:32:45,986.52,23.11,45.96,86.12,8.03,435.02,435.02,19.84,8311.71,8311.71,0.893248,229.1,49.923,0.963,59.66,normal,normal,0
2026-10-01 16:32:46,970.01,23.44,45.9,85.67,7.96,435.53,465.53,19.3,8067.03,8622.7,0.895643,229.28,49.926,0.96,59.6,normal,voltage_bias,2
2026-10-01 16:32:47,978.35,23.27,45.85,85.91,7.56,435.03,,19.73,8282.56,,0.895643,229.65,49.955,0.965,59.34,normal,sensor_dropout,3
2026-10-01 16:32:48,987.6,22.79,45.78,84.43,7.95,435.25,435.25,19.92,8301.01,8301.01,0.897949,229.56,49.961,0.957,59.24,normal,normal,0
2026-10-01 16:32:49,1000,22.72,45.72,85.01,8.39,433.78,434.88,19.98,8297.45,8318.31,0.90026,229.59,49.96,0.957,59.61,normal,voltage_drift,1
2026-10-01 16:32:50,1000,23.11,45.7,84.49,8.66,434.97,437.08,19.84,8226.63,8266.38,0.902556,229.64,49.98,0.953,59.42,normal,voltage_drift,1
2026-10-01 16:32:51,1000,22.96,45.67,85.12,8.54,436.92,436.92,20.09,8664.51,8664.51,0.904963,229.9,49.997,0.987,59.33,normal,normal,0
2026-10-01 16:32:52,994.14,22.74,45.61,85.65,8.4,437.81,420,20.06,8537.95,8190.63,0.907238,229.97,49.988,0.972,59.65,normal,stuck_sensor,2
2026-10-01 16:32:53,1000,22.47,80.86,85.71,8.34,436.6,436.6,20.2,8469.08,8469.08,0.909591,229.82,50.012,0.96,59.46,normal,panel_overheating,2
2026-10-01 16:32:54,1000,22.3,45.47,86.7,8.36,436.92,436.92,19.9,8592.82,8592.82,0.911977,229.6,50.024,0.988,59.38,normal,normal,0
2026-10-01 16:32:55,1000,22.15,45.39,87.74,8.35,435.65,435.65,20.11,8240.97,8240.97,0.914267,229.51,50.015,0.941,59.18,normal,normal,0
2026-10-01 16:32:56,985.36,22.07,45.28,88.19,7.89,437.21,437.21,19.69,8094.82,8094.82,0.916515,229.03,50.03,0.94,95.08,overheating,inverter_overheating,3
2026-10-01 16:32:57,971.17,22.44,45.18,88.74,8.05,435.63,435.63,19.24,7912.78,7912.78,0.918713,229.09,50.011,0.944,59.15,normal,normal,0
2026-10-01 16:32:58,951.43,22.02,45.01,89.15,7.85,437.35,420,18.96,8115.57,7793.59,0.920878,229.27,50.011,0.979,58.96,normal,stuck_sensor,2
2026-10-01 16:32:59,942.67,21.57,44.79,90.45,7.85,437.36,437.36,18.78,8077.28,8077.28,0.923122,229.64,49.985,0.983,89.94,overheating,inverter_overheating,3
2026-10-01 16:33:00,943.58,21.96,44.62,89.25,8.0,436.77,436.77,18.7,8005.27,8005.27,0.925345,229.67,50.004,0.98,59.18,normal,normal,0
2026-10-01 16:33:01,938.75,21.94,44.46,89.44,8.02,438.49,438.49,18.84,8113.9,8113.9,0.927599,229.79,49.98,0.982,59.33,normal,normal,0
2026-10-01 16:33:02,927.64,21.62,44.24,89.34,8.42,438.67,468.67,18.43,7688.54,8214.34,0.929881,229.81,50.003,0.951,59.16,normal,voltage_bias,2
2026-10-01 16:33:03,928.69,21.23,44.01,88.7,8.33,440.12,440.12,18.57,7807.78,7807.78,0.93205,229.75,50.003,0.956,58.78,normal,normal,0
2026-10-01 16:33:04,931.66,21.36,43.83,89.11,8.2,439.29,440.19,18.62,8071.63,8088.3,0.934297,229.98,49.977,0.987,58.45,normal,voltage_drift,1
2026-10-01 16:33:05,937.29,21.68,43.71,90.14,8.32,439.35,439.35,18.75,7960.46,7960.46,0.936508,230.19,49.975,0.966,58.36,normal,normal,0
2026-10-01 16:33:06,918.8,21.49,43.54,90.22,8.13,438.79,438.79,18.37,7633.73,7633.73,0.938628,230.4,49.972,0.947,58.17,normal,normal,0
2026-10-01 16:33:07,904.08,21.8,43.39,90.37,8.07,439.47,469.47,17.97,7587.17,8105.11,0.94088,230.17,49.942,0.961,57.88,normal,voltage_bias,2
2026-10-01 16:33:08,897.67,21.33,43.18,90.1,8.04,437.6,437.6,17.97,7468.18,7468.18,0.942954,230.08,49.952,0.95,58.04,normal,normal,0
2026-10-01 16:33:09,902.1,21.3,43.0,89.55,8.49,436.32,436.32,17.93,7382.38,7382.38,0.945005,230.41,49.981,0.944,57.98,normal,normal,0
2026-10-01 16:33:10,883.17,21.32,87.9,89.51,8.74,437.23,437.23,17.77,7404.91,7404.91,0.947062,230.64,49.985,0.953,57.75,normal,panel_overheating,2
2026-10-01 16:33:11,867.63,21.71,42.56,88.92,9.09,438.32,468.32,17.5,7333.17,7835.07,0.949238,230.57,49.983,0.956,57.45,normal,voltage_bias,2
2026-10-01 16:33:12,862.02,22.04,42.38,88.92,9.41,439.31,440.85,17.12,7091.88,7116.76,0.951215,230.81,49.991,0.943,57.04,normal,voltage_drift,1
2026-10-01 16:33:13,858.04,21.91,42.2,88.97,9.24,440.04,440.04,17.01,7284.26,7284.26,0.953238,230.78,49.964,0.973,56.8,normal,normal,0
2026-10-01 16:33:14,862.95,21.5,42.02,89.59,9.01,438.75,,17.34,7446.26,,0.953238,231.15,49.993,0.979,56.59,normal,sensor_dropout,3
2026-10-01 16:33:15,857.41,21.24,41.8,88.37,9.43,436.94,437.85,17.23,7116.34,7131.14,0.955219,230.88,49.982,0.945,56.51,normal,sensor_noise,1
2026-10-01 16:33:16,874.11,21.39,41.66,89.61,9.4,437.56,437.56,17.68,7565.09,7565.09,0.957321,231.15,49.982,0.978,56.23,normal,normal,0
2026-10-01 16:33:17,876.23,21.3,41.54,89.21,9.14,436.04,436.04,17.58,7459.27,7459.27,0.959393,230.98,50.01,0.973,56.03,normal,normal,0
2026-10-01 16:33:18,886.16,21.41,41.47,89.73,9.24,434.64,434.64,17.59,7194.49,7194.49,0.961391,231.23,50.039,0.941,55.87,normal,normal,0
2026-10-01 16:33:19,874.54,21.54,41.4,89.45,8.8,435.45,420,17.34,7330.78,7070.64,0.963355,231.51,50.067,0.971,56.02,normal,stuck_sensor,2
2026-10-01 16:33:20,882.69,21.81,41.38,90.92,8.83,435.03,435.03,17.56,7290.33,7290.33,0.96538,259.75,50.093,0.954,56.12,normal,grid_voltage_anomaly,2
2026-10-01 16:33:21,873.2,21.94,72.04,91.79,8.35,434.73,434.73,17.47,7482.05,7482.05,0.967459,231.51,50.11,0.985,56.42,normal,panel_overheating,2
2026-10-01 16:33:22,856.77,22.41,41.36,92.6,8.52,433.76,433.76,17.0,6951.18,6951.18,0.96939,231.93,50.112,0.943,56.49,normal,normal,0
2026-10-01 16:33:23,848.13,21.99,41.28,91.64,8.81,431.78,461.78,17.01,7035.37,7524.18,0.97148,232.16,50.136,0.958,56.38,normal,voltage_bias,2
2026-10-01 16:33:24,846.51,21.94,41.21,93.09,8.5,430.04,430.04,17.04,7013.16,7013.16,0.973428,232.28,50.116,0.957,56.21,normal,normal,0
2026-10-01 16:33:25,840.21,21.85,41.1,93.88,8.94,430.52,420,16.87,7051.17,6878.92,0.975339,232.33,50.133,0.971,56.09,normal,stuck_sensor,2
2026-10-01 16:33:26,859.01,22.09,41.09,93.23,8.57,428.69,428.69,17.35,7335.03,7335.03,0.977376,232.58,50.117,0.986,55.79,normal,normal,0
2026-10-01 16:33:27,848.08,21.63,41.01,92.67,8.59,427.49,427.49,16.88,6790.22,6790.22,0.979262,232.5,50.1,0.941,55.55,normal,normal,0
2026-10-01 16:33:28,849.19,21.27,40.9,93.87,8.49,427.81,427.81,16.91,6889.24,6889.24,0.981176,232.56,50.099,0.953,55.74,normal,normal,0
2026-10-01 16:33:29,841.16,21.37,40.81,94.4,8.02,427.92,427.92,16.65,6865.22,6865.22,0.983083,232.06,50.076,0.963,55.91,normal,normal,0
2026-10-01 16:33:30,858.1,21.51,40.77,93.73,8.49,428.22,420,17.26,7191.61,7053.5,0.985042,232.5,50.077,0.973,55.69,normal,stuck_sensor,2
2026-10-01 16:33:31,859.11,21.99,40.78,94.5,8.54,429.44,420,17.3,7261.86,7102.23,0.987015,232.06,50.082,0.977,55.85,normal,stuck_sensor,2
2026-10-01 16:33:32,848.95,21.76,40.74,94.05,8.97,427.62,427.62,17.09,7218.4,7218.4,0.98902,232.55,50.084,0.987,55.63,normal,normal,0
2026-10-01 16:33:33,855.35,21.89,40.72,93.34,8.93,426.85,426.85,17.1,7192.45,7192.45,0.991018,232.25,50.073,0.985,93.52,overheating,inverter_overheating,3
2026-10-01 16:33:34,851.7,22.22,40.74,94.47,8.62,425.17,425.17,16.86,6841.47,6841.47,0.992919,232.55,50.071,0.954,87.76,overheating,inverter_overheating,3
2026-10-01 16:33:35,863.13,22.72,40.83,94.53,9.0,423.37,423.37,17.29,7126.56,7126.56,0.994898,232.81,50.05,0.973,55.54,normal,normal,0
2026-10-01 16:33:36,882.35,22.76,40.95,94.43,9.2,421.39,433.34,17.81,7401.56,7611.34,0.997012,232.73,50.02,0.986,55.44,normal,sensor_noise,1
2026-10-01 16:33:37,896.78,22.42,41.06,95,9.35,420.92,420.92,17.94,7186.05,7186.05,0.999009,232.36,50.032,0.952,55.33,normal,normal,0
2026-10-01 16:33:38,878.41,22.88,41.14,95,9.79,421.01,420,17.51,7164.95,7147.78,1.000994,232.01,50.015,0.972,55.17,normal,stuck_sensor,2
2026-10-01 16:33:39,896.87,23.12,41.3,95,9.35,421.25,420,18.04,7503.75,7481.57,1.003072,232.25,50.023,0.987,55.2,normal,stuck_sensor,2
2026-10-01 16:33:40,898.69,22.91,41.44,94.15,9.12,420.12,429.45,17.94,7340.9,7503.86,1.005157,232.16,50.001,0.974,55.55,normal,sensor_noise,1
2026-10-01 16:33:41,883.38,23.29,41.54,92.67,9.6,421.25,421.25,17.76,7182.17,7182.17,1.007152,232.55,49.994,0.96,55.79,normal,normal,0
2026-10-01 16:33:42,885.92,23.06,41.62,91.72,9.62,421.66,421.66,17.9,7460.07,7460.07,1.009224,232.68,50.015,0.988,55.69,normal,normal,0
2026-10-01 16:33:43,868.45,22.9,41.64,90.23,9.18,419.88,419.88,17.24,7152.86,7152.86,1.011211,232.77,49.987,0.988,88.19,overheating,inverter_overheating,3
2026-10-01 16:33:44,855.47,23.12,41.65,90.3,9.21,418.58,418.58,17.06,6844.48,6844.48,1.013112,233.17,49.978,0.958,55.78,normal,normal,0
2026-10-01 16:33:45,867.29,23.19,41.69,90.81,9.35,418.8,418.8,17.3,6941.09,6941.09,1.01504,233.52,49.992,0.958,55.66,normal,normal,0
2026-10-01 16:33:46,881.32,23.36,41.77,92.13,9.67,417.68,420,17.44,6900.97,6939.34,1.016968,233.57,49.99,0.948,55.64,normal,stuck_sensor,2
2026-10-01 16:33:47,879.72,23.54,41.85,93.53,10.11,417.47,417.47,17.48,7019.56,7019.56,1.018918,233.64,49.98,0.962,55.73,normal,normal,0
2026-10-01 16:33:48,889.56,23.85,41.97,93.9,10.16,415.93,415.93,17.86,7159.75,7159.75,1.020906,234.11,49.983,0.964,92.0,overheating,inverter_overheating,3
2026-10-01 16:33:49,889.38,23.92,42.08,92.6,10.29,417.56,418.18,17.6,7152.26,7162.87,1.022896,233.64,49.997,0.973,55.93,normal,voltage_drift,1
2026-10-01 16:33:50,882.92,24.05,42.16,93.25,10.67,415.63,415.63,17.58,7221.68,7221.68,1.024902,233.45,49.976,0.988,56.17,normal,normal,0
2026-10-01 16:33:51,901.43,24.22,42.3,93.01,10.55,416.69,416.69,18.0,7234.5,7234.5,1.026912,233.57,49.971,0.965,56.52,normal,normal,0
2026-10-01 16:33:52,884.31,24.31,42.39,91.84,10.74,415.0,415.0,17.58,6956.83,6956.83,1.028844,233.94,49.978,0.954,56.74,normal,normal,0
2026-10-01 16:33:53,884.29,24.23,42.47,92.9,10.55,416.61,,17.86,7328.22,,1.028844,233.66,49.974,0.985,57.01,normal,sensor_dropout,3
2026-10-01 16:33:54,867.32,23.78,42.45,92.78,10.55,416.44,416.44,17.41,7125.36,7125.36,1.030823,233.58,49.988,0.983,84.6,overheating,inverter_overheating,3
2026-10-01 16:33:55,875.53,23.42,42.44,91.52,10.07,415.23,415.23,17.33,6977.48,6977.48,1.032762,233.24,49.973,0.97,93.17,overheating,inverter_overheating,3
2026-10-01 16:33:56,873.04,23.39,42.42,90.95,9.7,416.75,446.75,17.43,6848.58,7341.58,1.034801,233.03,49.976,0.943,57.26,normal,voltage_bias,2
2026-10-01 16:33:57,864.14,23.17,42.37,91.41,9.78,415.69,415.69,17.25,7047.27,7047.27,1.036759,232.79,49.982,0.983,56.98,normal,normal,0
2026-10-01 16:33:58,883.29,23.27,42.38,90.73,9.58,416.91,446.91,17.73,6950.54,7450.69,1.038828,233.22,50.006,0.94,56.85,normal,voltage_bias,2
2026-10-01 16:33:59,893.59,22.95,42.39,91.41,9.19,416.72,446.72,17.86,7184.85,7702.1,1.040968,232.95,50.011,0.965,56.72,normal,voltage_bias,2
2026-10-01 16:34:00,902.24,22.86,42.43,90.04,8.74,417.71,417.71,18.04,7375.33,7375.33,1.043016,233.31,49.985,0.979,56.76,normal,normal,0
2026-10-01 16:34:01,896.28,22.64,42.44,89.1,8.57,417.3,417.3,18.05,7323.32,7323.32,1.045051,232.93,49.999,0.972,88.24,overheating,inverter_overheating,3
2026-10-01 16:34:02,876.74,23.02,89.14,89.36,8.78,417.97,417.97,17.54,7162.06,7162.06,1.04704,232.62,49.993,0.977,56.77,normal,panel_overheating,2
2026-10-01 16:34:03,895.24,23.12,42.46,89.11,9.02,418.8,418.8,17.76,7073.34,7073.34,1.049005,232.39,49.966,0.951,57.02,normal,normal,0
2026-10-01 16:34:04,896.72,23.07,42.5,88.49,8.88,417.73,447.73,17.93,7190.94,7707.38,1.051146,232.36,49.954,0.96,57.19,normal,voltage_bias,2
2026-10-01 16:34:05,884.62,23.13,42.51,87.39,8.55,419.56,420,17.59,7113.59,7121.04,1.053124,232.25,49.951,0.964,56.91,normal,stuck_sensor,2
2026-10-01 16:34:06,884.02,22.66,42.49,86.78,8.29,417.7,447.7,17.76,7218.58,7737.04,1.055273,232.47,49.953,0.973,56.99,normal,voltage_bias,2
2026-10-01 16:34:07,900.69,22.91,42.54,86.86,8.21,419.19,420,17.97,7254.6,7268.7,1.057292,232.8,49.948,0.963,57.17,normal,stuck_sensor,2
2026-10-01 16:34:08,886.51,23.3,42.58,85.92,8.33,420.54,420.54,17.73,7104.73,7104.73,1.059266,233.17,49.925,0.953,57.11,normal,normal,0
2026-10-01 16:34:09,877.81,23.37,42.59,84.83,8.79,421.87,421.87,9.35,7267.41,3840.0,1.060332,233.15,49.901,0.974,56.91,normal,power_loss,2
2026-10-01 16:34:10,865.17,23.48,42.57,84.77,8.91,422.35,452.35,17.3,6971.71,7466.92,1.062407,232.7,49.929,0.954,56.62,normal,voltage_bias,2
2026-10-01 16:34:11,847.85,23.52,42.52,83.59,9.0,420.49,420.49,16.84,6791.27,6791.27,1.064293,232.84,49.935,0.959,56.76,normal,normal,0
2026-10-01 16:34:12,842.89,23.54,42.45,84.76,9.3,419.19,420,16.99,6822.11,6835.37,1.066192,232.72,49.959,0.958,56.88,normal,stuck_sensor,2
2026-10-01 16:34:13,831.1,23.35,42.34,85.32,9.15,419.43,420,16.81,6771.67,6780.88,1.068075,232.22,49.948,0.961,56.51,normal,stuck_sensor,2
2026-10-01 16:34:14,829.31,22.87,42.19,85.5,9.3,420.01,420.01,16.76,6893.04,6893.04,1.06999,231.84,49.965,0.979,56.08,normal,normal,0
2026-10-01 16:34:15,837.79,22.69,42.06,86.17,9.17,421.65,421.65,11.7,6765.67,4688.2,1.071292,232.12,49.982,0.95,55.71,normal,power_loss,2
2026-10-01 16:34:16,840.14,23.18,42.0,84.74,8.94,422.05,409.68,16.67,6787.2,6588.27,1.073122,232.1,49.994,0.965,55.79,normal,sensor_noise,1
2026-10-01 16:34:17,850.44,22.71,41.93,83.91,8.96,422.18,422.18,17.03,6875.57,6875.57,1.075032,232.3,49.999,0.957,55.62,normal,normal,0
2026-10-01 16:34:18,851.49,22.49,41.85,84.46,8.96,423.94,423.94,16.86,6906.97,6906.97,1.076951,232.03,49.989,0.966,55.7,normal,normal,0
2026-10-01 16:34:19,855.59,22.23,41.75,85.33,9.28,422.65,422.65,17.2,6957.05,6957.05,1.078883,232.37,49.963,0.957,55.63,normal,normal,0
2026-10-01 16:34:20,837.16,21.78,41.57,86.46,9.26,420.87,421.72,16.62,6735.26,6748.84,1.080758,232.33,49.992,0.963,55.43,normal,voltage_drift,1
2026-10-01 16:34:21,827.2,21.91,41.38,87.33,9.62,420.93,420.93,16.61,6731.68,6731.68,1.082628,232.07,49.974,0.963,55.66,normal,normal,0
2026-10-01 16:34:22,845.41,21.48,41.22,87.38,9.39,422.89,452.89,16.82,6916.94,7407.63,1.084686,232.07,49.946,0.973,55.78,normal,voltage_bias,2
2026-10-01 16:34:23,851.07,21.49,41.1,87.9,9.11,424.32,424.91,16.91,6891.72,6901.27,1.086603,231.78,49.921,0.961,55.58,normal,voltage_drift,1
2026-10-01 16:34:24,864.65,21.88,41.07,87.02,9.03,425.05,425.05,17.11,7106.88,7106.88,1.088577,231.43,49.897,0.977,55.77,normal,normal,0
2026-10-01 16:34:25,874.06,21.97,41.09,87.66,8.62,426.78,426.78,17.57,7062.59,7062.59,1.090539,231.84,49.927,0.942,55.55,normal,normal,0
2026-10-01 16:34:26,885.78,21.52,41.07,86.45,8.98,426.95,420,17.76,7189.43,7072.38,1.092503,232.24,49.905,0.948,55.7,normal,stuck_sensor,2
2026-10-01 16:34:27,885.51,21.34,41.06,87.56,8.56,425.06,455.06,17.87,7160.19,7665.54,1.094632,232.11,49.919,0.943,55.67,normal,voltage_bias,2
2026-10-01 16:34:28,903.14,21.48,41.11,88.79,8.24,423.88,453.88,18.22,7393.6,7916.88,1.096832,232.16,49.918,0.957,55.85,normal,voltage_bias,2
2026-10-01 16:34:29,911.48,21.78,41.21,90.04,8.34,423.49,428.29,18.17,7240.01,7322.17,1.098866,231.73,49.946,0.941,55.8,normal,sensor_noise,1
2026-10-01 16:34:30,892.39,21.92,41.26,91.05,8.29,423.88,453.88,17.9,7330.25,7849.04,1.101046,231.51,49.973,0.966,56.19,normal,voltage_bias,2
2026-10-01 16:34:31,885.62,21.65,41.28,91.85,7.9,424.45,424.45,17.58,7128.37,7128.37,1.103026,231.93,49.953,0.955,82.75,overheating,inverter_overheating,3
2026-10-01 16:34:32,882.21,21.18,41.24,90.94,7.78,425.25,426.98,17.66,7102.12,7130.99,1.105007,232.39,49.971,0.946,56.46,normal,voltage_drift,1
2026-10-01 16:34:33,863.6,21.16,41.15,90.98,7.99,427.15,427.15,17.42,7016.18,7016.18,1.106956,232.75,49.944,0.943,56.27,normal,normal,0
2026-10-01 16:34:34,856.52,21.13,41.04,91.61,8.23,425.54,425.54,17.12,7151.69,7151.69,1.108942,232.85,49.921,0.982,55.92,normal,normal,0
2026-10-01 16:34:35,873.05,20.81,40.95,91.02,8.36,423.84,453.84,17.46,7148.76,7654.75,1.111069,233.21,49.911,0.966,56.25,normal,voltage_bias,2
2026-10-01 16:34:36,874.66,20.81,40.87,90.73,8.58,423.41,423.41,17.36,7063.59,7063.59,1.113031,233.65,49.912,0.961,56.32,normal,normal,0
2026-10-01 16:34:37,893.58,20.72,40.83,91.97,8.48,422.34,422.34,17.83,7261.61,7261.61,1.115048,233.15,49.889,0.965,56.55,normal,normal,0
2026-10-01 16:34:38,901.64,20.75,40.82,92.64,8.48,423.7,423.7,18.14,7563.84,7563.84,1.117149,232.66,49.864,0.984,56.74,normal,normal,0
2026-10-01 16:34:39,904.53,20.27,40.76,92.86,8.87,424.08,415.17,18.03,7200.62,7049.34,1.119107,232.35,49.87,0.942,56.68,normal,sensor_noise,1
2026-10-01 16:34:40,897.92,20.09,40.69,92.65,8.38,423.97,453.97,17.82,7366.3,7887.55,1.121298,232.72,49.856,0.975,56.57,normal,voltage_bias,2
2026-10-01 16:34:41,908.43,20.05,40.65,93.08,8.23,422.4,,18.25,7518.01,,1.121298,233.11,49.867,0.975,56.92,normal,sensor_dropout,3
2026-10-01 16:34:42,899.74,20.22,40.61,93.15,8.12,422.31,422.31,17.86,7338.73,7338.73,1.123337,232.86,49.873,0.973,57.22,normal,normal,0
2026-10-01 16:34:43,910.36,19.91,40.57,92.61,8.3,421.18,421.18,18.2,7222.93,7222.93,1.125343,232.63,49.848,0.942,56.95,normal,normal,0
2026-10-01 16:34:44,926.02,19.47,40.53,93.44,8.05,419.38,419.38,18.55,7417.41,7417.41,1.127403,232.79,49.84,0.953,56.95,normal,normal,0
2026-10-01 16:34:45,923.99,19.62,40.49,92.93,8.52,420.09,420.09,18.46,7395.72,7395.72,1.129458,233.2,49.834,0.954,56.95,normal,normal,0
2026-10-01 16:34:46,924.17,19.81,40.49,92.22,8.23,419.47,420,18.31,7333.66,7342.96,1.131497,233.28,49.815,0.955,57.19,normal,stuck_sensor,2
2026-10-01 16:34:47,921.17,20.12,40.52,91.14,7.99,421.45,420,18.55,7604.28,7578.11,1.133602,233.22,49.811,0.973,56.94,normal,stuck_sensor,2
2026-10-01 16:34:48,914.33,20.41,40.55,89.87,7.99,420.63,420.63,18.27,7389.66,7389.66,1.135655,233.6,49.818,0.962,56.88,normal,normal,0
2026-10-01 16:34:49,908.63,20.6,40.6,88.53,7.52,420.24,,18.07,7414.91,,1.135655,233.95,49.843,0.976,57.14,normal,sensor_dropout,3
2026-10-01 16:34:50,909.62,21.08,40.7,87.69,7.44,419.44,411.44,18.14,7381.91,7241.21,1.137667,233.77,49.87,0.97,56.89,normal,sensor_noise,1
2026-10-01 16:34:51,900.42,20.66,40.71,86.96,7.79,417.88,417.88,18.2,7285.13,7285.13,1.13969,234.2,49.872,0.958,56.7,normal,normal,0
2026-10-01 16:34:52,901.89,20.58,40.73,87.85,7.46,417.12,417.12,17.95,7111.26,7111.26,1.141666,234.04,49.867,0.95,56.64,normal,normal,0
2026-10-01 16:34:53,909.59,20.54,73.02,87.51,7.51,417.5,417.5,18.33,7437.17,7437.17,1.143731,234.21,49.875,0.972,56.59,normal,panel_overheating,2
2026-10-01 16:34:54,919.63,20.28,40.8,88.67,7.22,415.58,417.27,18.2,7181.0,7210.23,1.145734,234.57,49.903,0.95,56.62,normal,voltage_drift,1
2026-10-01 16:34:55,902.09,20.64,40.83,89.52,6.87,415.98,415.98,18.13,7144.19,7144.19,1.147719,234.26,49.892,0.947,56.78,normal,normal,0
2026-10-01 16:34:56,884.88,20.35,40.78,90.87,7.11,415.33,415.33,17.6,6896.87,6896.87,1.149635,233.95,49.91,0.944,56.49,normal,normal,0
2026-10-01 16:34:57,901.21,20.69,40.8,92.18,7.4,415.12,415.12,17.99,7251.45,7251.45,1.151649,233.89,49.886,0.971,56.51,normal,normal,0
2026-10-01 16:34:58,900.61,20.91,40.84,91.41,7.46,416.04,416.04,18.15,7100.14,7100.14,1.153621,206.67,49.879,0.94,56.67,normal,grid_voltage_anomaly,2
2026-10-01 16:34:59,903.16,20.62,40.87,89.95,7.01,414.24,414.24,8.03,7403.27,3287.24,1.154534,234.02,49.86,0.988,56.84,normal,power_loss,2
2026-10-01 16:35:00,883.2,20.78,40.85,91.3,7.16,412.94,412.94,17.82,7070.72,7070.72,1.156498,200.8,49.841,0.961,56.98,normal,grid_voltage_anomaly,2
2026-10-01 16:35:01,878.93,21.18,75.43,90.86,7.1,413.28,413.28,17.69,7039.59,7039.59,1.158454,233.94,49.834,0.963,56.75,normal,panel_overheating,2
2026-10-01 16:35:02,884.02,20.73,40.85,91.35,7.08,414.74,420,17.7,6988.06,7076.77,1.16042,233.76,49.825,0.952,56.75,normal,stuck_sensor,2
2026-10-01 16:35:03,869.98,21.1,40.84,90.8,7.0,414.41,414.41,17.52,7188.24,7188.24,1.162416,233.84,49.853,0.99,56.96,normal,normal,0
2026-10-01 16:35:04,882.97,21.21,40.89,89.82,6.69,412.89,414.47,17.8,6924.7,6951.27,1.164347,233.64,49.843,0.942,56.85,normal,voltage_drift,1
2026-10-01 16:35:05,871.27,20.71,40.85,88.96,6.53,412.12,415.02,17.33,7066.47,7116.18,1.166324,233.2,49.832,0.99,57.07,normal,voltage_drift,1
2026-10-01 16:35:06,875.13,21.2,40.87,89.24,6.89,412.08,412.08,17.58,7083.91,7083.91,1.168292,233.09,49.823,0.978,57.2,normal,normal,0
2026-10-01 16:35:07,874.5,20.8,40.85,88.14,6.71,412.92,412.92,17.36,7048.64,7048.64,1.17025,232.83,49.825,0.983,56.85,normal,normal,0
2026-10-01 16:35:08,879.8,20.77,40.84,86.74,6.7,414.62,,17.53,6988.97,,1.17025,233.16,49.845,0.962,56.72,normal,sensor_dropout,3
2026-10-01 16:35:09,890.83,20.8,40.86,87.11,6.65,414.69,414.69,17.9,7175.97,7175.97,1.172243,232.91,49.848,0.967,56.96,normal,normal,0
2026-10-01 16:35:10,876.65,20.72,40.85,87.07,6.31,412.9,442.9,17.64,7111.8,7628.52,1.174362,232.75,49.858,0.976,57.19,normal,voltage_bias,2
2026-10-01 16:35:11,892.3,20.93,40.91,87.54,5.92,411.64,411.64,17.78,6906.32,6906.32,1.17628,232.88,49.883,0.944,57.24,normal,normal,0
2026-10-01 16:35:12,909.69,20.54,40.98,87.05,5.53,412.77,420,18.16,7204.11,7330.37,1.178317,232.67,49.891,0.961,57.15,normal,stuck_sensor,2
2026-10-01 16:35:13,903.08,20.5,41.01,87.86,5.99,412.87,412.87,18.1,7065.4,7065.4,1.180279,232.3,49.904,0.945,57.25,normal,normal,0
2026-10-01 16:35:14,905.98,20.87,77.28,87.42,5.83,410.89,410.89,18.31,7301.74,7301.74,1.182307,232.47,49.876,0.971,57.47,normal,panel_overheating,2
2026-10-01 16:35:15,901.38,21.15,41.17,86.33,6.02,409.44,409.44,18.16,7214.87,7214.87,1.184312,232.88,49.873,0.97,57.22,normal,normal,0
2026-10-01 16:35:16,911.8,21.26,41.27,85.02,6.26,408.66,408.66,7.64,7267.28,3060.21,1.185162,232.56,49.861,0.98,57.42,normal,power_loss,2
2026-10-01 16:35:17,917.97,21.1,41.34,84.91,6.73,410.37,440.37,18.44,7238.25,7767.4,1.187319,232.08,49.882,0.957,57.7,normal,voltage_bias,2
2026-10-01 16:35:18,919.27,20.89,41.39,83.99,6.86,409.59,409.59,18.25,7368.75,7368.75,1.189366,232.55,49.862,0.986,57.82,normal,normal,0
2026-10-01 16:35:19,906.4,21.14,41.42,84.66,6.92,408.37,408.37,17.94,7139.48,7139.48,1.191349,233.0,49.857,0.974,92.48,overheating,inverter_overheating,3
2026-10-01 16:35:20,915.35,20.87,41.46,84.34,6.57,407.58,407.58,18.35,7199.58,7199.58,1.193349,233.2,49.833,0.963,57.33,normal,normal,0
2026-10-01 16:35:21,923.0,20.75,41.49,83.85,6.75,406.42,406.42,18.41,7311.09,7311.09,1.19538,233.29,49.852,0.977,57.22,normal,normal,0
2026-10-01 16:35:22,940.59,20.35,41.53,85.18,6.5,405.61,405.61,18.92,7359.86,7359.86,1.197425,233.19,49.876,0.959,57.61,normal,normal,0
2026-10-01 16:35:23,950.11,20.11,41.57,86.54,6.54,404.8,,18.85,7380.83,,1.197425,233.55,49.896,0.967,57.86,normal,sensor_dropout,3
2026-10-01 16:35:24,941.33,19.71,41.53,85.91,7.03,406.03,,18.81,7411.63,,1.197425,233.47,49.924,0.97,57.96,normal,sensor_dropout,3
2026-10-01 16:35:25,921.37,19.26,41.39,86.92,7.09,406.18,406.18,18.58,7096.87,7096.87,1.199396,233.2,49.926,0.941,57.65,normal,normal,0
2026-10-01 16:35:26,940.46,19.32,41.32,88.02,7.35,407.85,407.85,18.93,7419.73,7419.73,1.201457,233.36,49.952,0.961,57.88,normal,normal,0
2026-10-01 16:35:27,959.28,19.08,41.27,86.84,7.39,406.16,436.16,19.24,7580.56,8140.48,1.203718,233.45,49.933,0.97,57.95,normal,voltage_bias,2
2026-10-01 16:35:28,956.1,19.52,41.25,85.47,7.76,406.6,406.6,18.93,7387.56,7387.56,1.20577,233.34,49.922,0.96,58.1,normal,normal,0
2026-10-01 16:35:29,962.69,19.14,41.22,86.5,7.56,407.54,407.54,19.18,7580.95,7580.95,1.207876,233.38,49.928,0.97,58.45,normal,normal,0
2026-10-01 16:35:30,975.5,18.95,41.21,87.1,7.34,407.35,407.35,19.48,7533.14,7533.14,1.209969,233.22,49.904,0.949,58.55,normal,normal,0
2026-10-01 16:35:31,959.86,19.02,41.17,86.25,7.53,408.47,409.25,19.11,7365.16,7379.29,1.212018,232.86,49.881,0.943,58.77,normal,voltage_drift,1
2026-10-01 16:35:32,965.35,19.34,41.17,85.81,7.64,407.05,407.05,19.38,7620.8,7620.8,1.214135,232.81,49.855,0.966,58.86,normal,normal,0
2026-10-01 16:35:33,946.29,19.76,41.16,85.46,7.71,406.5,,18.83,7230.5,,1.214135,233.04,49.838,0.945,59.05,normal,sensor_dropout,3
2026-10-01 16:35:34,940.7,19.9,41.16,85.82,7.69,407.48,407.48,18.97,7646.78,7646.78,1.216259,261.05,49.831,0.989,58.97,normal,grid_voltage_anomaly,2
2026-10-01 16:35:35,943.2,19.93,41.15,87.25,8.09,405.51,405.51,18.73,7488.77,7488.77,1.21834,232.76,49.826,0.986,59.09,normal,normal,0
2026-10-01 16:35:36,943.99,20.1,41.16,88.21,8.09,403.54,403.54,18.73,7393.63,7393.63,1.220393,232.89,49.85,0.978,59.22,normal,normal,0
2026-10-01 16:35:37,925.03,19.98,41.12,88.86,8.0,403.92,404.58,18.33,7083.64,7095.28,1.222364,233.37,49.826,0.957,59.0,normal,voltage_drift,1
2026-10-01 16:35:38,932.55,20.13,41.1,87.72,8.25,404.61,404.61,18.76,7481.48,7481.48,1.224442,233.75,49.842,0.985,58.95,normal,normal,0
2026-10-01 16:35:39,937.32,20.02,41.09,86.79,8.26,402.93,420,18.92,7467.39,7783.76,1.226605,233.58,49.82,0.979,58.66,normal,stuck_sensor,2
2026-10-01 16:35:40,943.53,20.25,41.12,86.48,8.15,404.43,405.14,19.06,7539.17,7552.45,1.228703,233.61,49.818,0.978,58.85,normal,voltage_drift,1
2026-10-01 16:35:41,951.29,20.21,41.16,85.42,8.16,403.49,403.49,19.13,7476.51,7476.51,1.230779,233.18,49.799,0.969,80.26,overheating,inverter_overheating,3
2026-10-01 16:35:42,962.08,19.99,41.2,86.52,8.42,405.32,406.54,19.16,7488.07,7510.45,1.232866,233.47,49.823,0.964,58.65,normal,sensor_noise,1
2026-10-01 16:35:43,978.84,19.8,41.26,86.82,7.99,406.99,406.99,19.74,7591.91,7591.91,1.234974,233.84,49.824,0.945,89.75,overheating,inverter_overheating,3
2026-10-01 16:35:44,967.62,20.02,41.33,87.52,7.6,407.65,407.65,19.31,7764.39,7764.39,1.237131,234.33,49.817,0.987,59.22,normal,normal,0
2026-10-01 16:35:45,948.24,20.47,41.38,88.91,7.95,409.44,409.44,19.14,7591.23,7591.23,1.23924,234.74,49.788,0.969,59.08,normal,normal,0
2026-10-01 16:35:46,931.53,20.43,41.38,87.63,7.7,408.79,438.79,18.62,7164.35,7690.12,1.241376,235.11,49.817,0.941,59.06,normal,voltage_bias,2
2026-10-01 16:35:47,928.3,20.77,41.4,87.6,8.12,409.11,409.11,18.64,7387.45,7387.45,1.243428,235.31,49.828,0.969,59.07,normal,normal,0
2026-10-01 16:35:48,936.25,20.73,41.42,89.06,8.35,410.11,410.11,18.82,7384.71,7384.71,1.245479,234.97,49.857,0.957,59.24,normal,normal,0
2026-10-01 16:35:49,928.93,20.69,41.42,89.59,8.14,411.23,411.23,12.55,7120.41,4862.23,1.24683,235.26,49.859,0.942,59.3,normal,power_loss,2
2026-10-01 16:35:50,909.08,20.7,41.37,89.74,8.4,411.75,,18.18,7167.54,,1.24683,234.83,49.872,0.958,59.01,normal,sensor_dropout,3
2026-10-01 16:35:51,898.89,20.97,41.33,90.75,8.37,411.96,413.23,17.95,7007.52,7029.08,1.248783,235.25,49.895,0.948,58.71,normal,voltage_drift,1
2026-10-01 16:35:52,880.15,21.36,41.29,90.53,8.0,410.83,410.83,17.5,7029.2,7029.2,1.250735,235.4,49.907,0.978,58.57,normal,normal,0
2026-10-01 16:35:53,888.05,21.28,41.26,90.54,8.38,410.05,410.05,17.87,7063.71,7063.71,1.252697,235.4,49.92,0.964,58.64,normal,normal,0
2026-10-01 16:35:54,873.88,21.63,41.23,89.8,8.24,410.35,410.35,17.46,7080.66,7080.66,1.254664,235.68,49.922,0.988,58.62,normal,normal,0
2026-10-01 16:35:55,880.89,21.38,41.19,91.15,8.68,409.48,410.43,17.49,6790.95,6806.71,1.256555,235.68,49.939,0.948,58.55,normal,voltage_drift,1
2026-10-01 16:35:56,884.24,21.04,41.14,91.57,8.25,409.1,,17.86,7112.19,,1.256555,235.22,49.941,0.973,58.16,normal,sensor_dropout,3
2026-10-01 16:35:57,899.19,21.17,41.13,92.01,8.57,410.44,410.44,17.99,7289.62,7289.62,1.25858,234.77,49.932,0.987,58.02,normal,normal,0
2026-10-01 16:35:58,888.56,21.63,41.14,91.61,8.8,409.86,409.86,17.79,6955.54,6955.54,1.260512,234.55,49.929,0.954,95.48,overheating,inverter_overheating,3
2026-10-01 16:35:59,871.26,21.5,41.07,90.25,9.3,410.01,410.01,17.23,6824.55,6824.55,1.262408,234.19,49.93,0.966,57.89,normal,normal,0
2026-10-01 16:36:00,879.94,21.11,41.0,90.52,9.21,408.68,409.27,17.44,6872.53,6882.52,1.264319,234.26,49.934,0.964,57.76,normal,voltage_drift,1
2026-10-01 16:36:01,874.72,21.07,40.93,89.93,8.98,409.1,409.1,17.45,6921.07,6921.07,1.266242,234.25,49.927,0.969,57.59,normal,normal,0
2026-10-01 16:36:02,882.27,21.1,40.87,90.38,9.25,410.45,410.45,17.64,7153.69,7153.69,1.268229,234.13,49.913,0.988,57.38,normal,normal,0
2026-10-01 16:36:03,897.53,20.66,40.81,90.14,9.6,412.33,421.99,17.81,7249.05,7418.98,1.27029,234.61,49.934,0.987,57.35,normal,sensor_noise,1
2026-10-01 16:36:04,892.18,20.88,40.76,89.35,9.3,411.96,411.96,17.65,7141.24,7141.24,1.272274,234.19,49.955,0.982,57.16,normal,normal,0
2026-10-01 16:36:05,887.16,21.07,40.72,87.95,9.71,411.68,,17.73,6932.17,,1.272274,234.55,49.972,0.95,57.26,normal,sensor_dropout,3
2026-10-01 16:36:06,901.46,20.97,40.7,88.84,10.15,412.96,420,18.09,7186.78,7309.3,1.274304,234.12,49.998,0.962,57.43,normal,stuck_sensor,2
2026-10-01 16:36:07,911.46,21.25,40.73,89.65,10.02,414.25,420,18.35,7380.49,7483.0,1.276383,234.59,49.98,0.971,57.43,normal,stuck_sensor,2
2026-10-01 16:36:08,928.32,21.25,40.81,89.89,9.91,415.53,415.53,18.6,7392.93,7392.93,1.278436,234.11,50.003,0.956,57.19,normal,normal,0
2026-10-01 16:36:09,917.07,21.58,40.89,88.44,9.46,414.27,414.27,18.45,7187.53,7187.53,1.280433,234.36,49.992,0.941,57.19,normal,normal,0
2026-10-01 16:36:10,913.19,21.16,40.91,89.08,9.81,414.9,444.9,18.44,7404.64,7940.04,1.282638,233.96,49.963,0.968,56.96,normal,voltage_bias,2
2026-10-01 16:36:11,895.93,21.08,40.86,89.82,10.31,415.4,415.4,18.11,7316.34,7316.34,1.284671,234.17,49.956,0.972,95.85,overheating,inverter_overheating,3
2026-10-01 16:36:12,906.09,20.65,40.78,90.43,10.62,414.11,420,17.96,7305.17,7409.14,1.286729,234.46,49.939,0.982,56.78,normal,stuck_sensor,2
2026-10-01 16:36:13,886.19,20.97,86.61,89.04,10.3,413.77,413.77,17.64,6981.88,6981.88,1.288668,234.04,49.96,0.957,56.54,normal,panel_overheating,2
2026-10-01 16:36:14,871.34,21.12,75.81,89.91,10.31,412.99,412.99,17.52,7092.63,7092.63,1.290638,234.18,49.953,0.98,56.46,normal,panel_overheating,2
2026-10-01 16:36:15,855.87,21.55,40.55,88.83,9.98,411.1,,17.24,6714.12,,1.290638,234.48,49.971,0.947,56.56,normal,sensor_dropout,3
2026-10-01 16:36:16,860.63,21.45,40.5,88.6,9.73,412.67,423.26,17.28,6958.05,7136.45,1.292621,234.93,49.991,0.976,56.35,normal,sensor_noise,1
2026-10-01 16:36:17,855.07,21.76,40.47,89.09,9.8,412.13,413.56,16.98,6592.33,6615.33,1.294458,234.72,49.979,0.942,56.02,normal,voltage_drift,1
2026-10-01 16:36:18,854.01,21.75,40.43,87.59,10.07,411.43,420,16.89,6750.59,6891.18,1.296372,234.66,49.97,0.971,55.81,normal,stuck_sensor,2
2026-10-01 16:36:19,848.61,21.6,40.38,89.08,9.59,411.43,411.43,8.27,6843.97,3301.62,1.297289,234.2,49.994,0.97,55.54,normal,power_loss,2
2026-10-01 16:36:20,855.15,22.08,40.41,89.69,9.43,409.78,409.78,17.15,6668.95,6668.95,1.299142,234.07,49.982,0.949,55.31,normal,normal,0
2026-10-01 16:36:21,870.36,21.65,40.41,89.54,9.77,411.68,411.68,17.25,6675.97,6675.97,1.300996,233.75,49.992,0.94,55.32,normal,normal,0
2026-10-01 16:36:22,856.69,21.28,40.33,88.97,10.23,409.82,409.82,17.12,6607.39,6607.39,1.302832,234.07,50.021,0.942,96.85,overheating,inverter_overheating,3
2026-10-01 16:36:23,845.22,20.8,40.19,88.09,9.96,411.42,411.42,16.71,6682.77,6682.77,1.304688,234.08,50.018,0.972,55.53,normal,normal,0
2026-10-01 16:36:24,846.41,20.77,40.07,88.21,10.03,412.4,412.4,7.75,6545.55,3014.79,1.305526,234.54,49.99,0.943,55.67,normal,power_loss,2
2026-10-01 16:36:25,856.38,20.93,40.0,88.46,9.68,411.0,420,17.06,6668.33,6814.33,1.307418,234.57,49.965,0.951,55.94,normal,stuck_sensor,2
2026-10-01 16:36:26,856.66,21.42,40.0,89.37,9.46,409.19,409.19,7.99,6948.13,3227.01,1.308315,234.51,49.978,0.987,55.63,normal,power_loss,2
2026-10-01 16:36:27,844.09,21.47,39.96,89.55,9.9,407.85,437.85,16.83,6579.02,7062.95,1.310277,234.55,49.965,0.958,55.39,normal,voltage_bias,2
2026-10-01 16:36:28,860.98,21.22,39.96,90.45,9.49,408.87,408.87,17.28,6702.99,6702.99,1.312139,234.48,49.95,0.949,96.47,overheating,inverter_overheating,3
2026-10-01 16:36:29,860.05,21.2,39.95,89.59,9.46,409.68,411.4,17.34,7015.6,7045.03,1.314096,234.72,49.939,0.988,55.47,normal,voltage_drift,1
2026-10-01 16:36:30,876.87,21.55,40.02,88.75,9.27,409.17,409.17,17.74,6969.61,6969.61,1.316032,234.3,49.919,0.96,95.22,overheating,inverter_overheating,3
2026-10-01 16:36:31,867.95,21.54,40.08,87.52,8.81,408.3,,17.39,6829.25,,1.316032,234.25,49.914,0.962,55.68,normal,sensor_dropout,3
2026-10-01 16:36:32,879.06,21.86,40.19,88.32,8.68,406.69,410.0,17.73,6970.39,7026.98,1.317984,234.42,49.925,0.967,55.45,normal,sensor_noise,1
2026-10-01 16:36:33,871.27,21.78,40.26,88.88,8.99,408.17,408.17,17.46,6716.75,6716.75,1.319849,234.64,49.907,0.942,55.5,normal,normal,0
2026-10-01 16:36:34,885.82,21.61,40.33,87.93,9.31,409.52,409.52,17.6,7112.63,7112.63,1.321825,234.97,49.937,0.987,55.8,normal,normal,0
2026-10-01 16:36:35,891.85,22.07,40.47,87.81,8.95,410.71,410.71,17.8,6901.68,6901.68,1.323742,234.87,49.93,0.944,55.95,normal,normal,0
2026-10-01 16:36:36,902.33,21.82,40.6,87.96,8.52,411.83,411.83,18.17,7390.56,7390.56,1.325795,234.4,49.923,0.987,56.21,normal,normal,0
2026-10-01 16:36:37,901.85,21.98,40.73,88.95,8.7,413.27,418.93,18.07,7164.75,7262.78,1.327813,234.14,49.897,0.959,56.43,normal,sensor_noise,1
2026-10-01 16:36:38,908.78,22.36,40.89,89.08,9.11,411.53,441.53,18.04,7230.97,7758.1,1.329968,233.67,49.886,0.974,56.42,normal,voltage_bias,2
2026-10-01 16:36:39,908.17,22.82,41.07,88.56,9.46,412.01,442.01,18.13,7386.97,7924.84,1.332169,233.92,49.888,0.989,56.57,normal,voltage_bias,2
2026-10-01 16:36:40,903.17,22.64,41.21,88.23,9.27,413.3,443.3,18.15,7057.52,7569.81,1.334272,233.65,49.881,0.941,56.75,normal,voltage_bias,2
2026-10-01 16:36:41,884.43,22.67,73.37,89.08,9.49,414.15,414.15,17.6,7121.67,7121.67,1.33625,233.23,49.906,0.977,56.98,normal,panel_overheating,2
2026-10-01 16:36:42,902.63,22.51,41.36,88.22,9.9,415.26,415.26,18.16,7139.28,7139.28,1.338233,233.62,49.911,0.947,57.16,normal,normal,0
2026-10-01 16:36:43,919.66,22.02,41.44,88.05,9.58,413.65,413.65,18.41,7375.93,7375.93,1.340282,234.08,49.909,0.968,56.98,normal,normal,0
2026-10-01 16:36:44,939.53,21.93,41.56,88.27,9.45,412.44,412.44,18.61,7381.32,7381.32,1.342332,233.75,49.888,0.962,56.82,normal,normal,0
2026-10-01 16:36:45,921.71,21.7,41.59,87.94,9.47,411.74,411.74,18.41,7143.02,7143.02,1.344316,233.68,49.917,0.942,56.97,normal,normal,0
2026-10-01 16:36:46,931.39,21.51,41.63,87.9,9.35,410.34,440.34,18.73,7266.26,7797.5,1.346482,233.33,49.925,0.946,57.11,normal,voltage_bias,2
2026-10-01 16:36:47,934.09,21.79,41.72,88.65,8.89,408.59,438.59,18.59,7149.01,7673.92,1.348614,233.67,49.898,0.941,57.33,normal,voltage_bias,2
2026-10-01 16:36:48,915.46,21.57,41.73,89.72,8.78,406.62,420,18.33,7348.08,7589.85,1.350722,233.34,49.899,0.986,57.24,normal,stuck_sensor,2
2026-10-01 16:36:49,905.66,21.68,41.74,88.33,8.3,408.59,410.37,18.22,7023.1,7053.71,1.352682,233.82,49.87,0.944,57.16,normal,voltage_drift,1
2026-10-01 16:36:50,910.71,21.97,41.79,87.33,8.35,408.74,408.74,18.36,7153.89,7153.89,1.354669,234.19,49.875,0.953,57.08,normal,normal,0
2026-10-01 16:36:51,898.33,21.51,41.74,86.62,8.84,407.61,407.61,17.98,7028.24,7028.24,1.356621,234.24,49.883,0.959,56.92,normal,normal,0
2026-10-01 16:36:52,902.1,21.63,41.72,86.13,8.65,408.81,408.81,18.11,7154.55,7154.55,1.358609,234.12,49.854,0.966,56.83,normal,normal,0
2026-10-01 16:36:53,889.64,21.73,41.69,87.39,8.69,406.96,406.96,17.8,7059.35,7059.35,1.36057,234.14,49.849,0.975,56.73,normal,normal,0
2026-10-01 16:36:54,897.0,21.72,41.68,88.35,8.49,408.17,408.17,17.96,7098.83,7098.83,1.362541,233.7,49.852,0.968,56.6,normal,normal,0
2026-10-01 16:36:55,900.84,21.34,41.63,89.13,8.99,407.71,407.71,18.06,7068.35,7068.35,1.364505,233.27,49.862,0.96,56.68,normal,normal,0
2026-10-01 16:36:56,893.61,21.28,41.56,89.48,9.0,407.15,437.15,18.05,6949.69,7461.77,1.366578,232.99,49.884,0.946,56.89,normal,voltage_bias,2
2026-10-01 16:36:57,911.3,21.75,41.59,89.67,8.67,408.15,408.15,18.3,7039.87,7039.87,1.368533,233.14,49.864,0.943,56.95,normal,normal,0
2026-10-01 16:36:58,911.05,21.48,76.14,88.84,9.01,409.09,409.09,18.02,6960.85,6960.85,1.370467,232.95,49.878,0.944,56.87,normal,panel_overheating,2
2026-10-01 16:36:59,928.05,21.23,41.61,90.16,8.73,408.97,408.97,7.71,7434.23,3083.03,1.371323,233.11,49.861,0.977,57.16,normal,power_loss,2
2026-10-01 16:37:00,912.0,21.37,41.61,89.68,8.7,408.38,408.38,18.04,7094.22,7094.22,1.373294,233.43,49.856,0.963,57.22,normal,normal,0
2026-10-01 16:37:01,908.31,21.67,41.64,90.15,8.21,408.56,420,18.2,7027.98,7224.85,1.375301,233.53,49.838,0.945,57.4,normal,stuck_sensor,2
2026-10-01 16:37:02,899.59,21.73,41.65,90.23,8.07,410.14,410.14,18.04,7231.47,7231.47,1.377309,233.56,49.866,0.977,57.08,normal,normal,0
2026-10-01 16:37:03,889.67,21.43,41.61,91.12,8.11,411.88,411.88,17.73,7225.24,7225.24,1.379316,233.42,49.866,0.99,56.88,normal,normal,0
2026-10-01 16:37:04,907.86,21.12,41.6,92.24,7.77,410.86,420,18.17,7229.94,7390.82,1.381369,232.98,49.851,0.968,56.64,normal,stuck_sensor,2
2026-10-01 16:37:05,897.19,21.2,41.57,91.51,7.92,409.51,439.51,17.81,6957.72,7467.43,1.383444,232.5,49.859,0.954,56.94,normal,voltage_bias,2
2026-10-01 16:37:06,907.24,20.74,41.53,91.5,7.5,409.85,408.61,18.11,7312.49,7290.33,1.385469,232.73,49.869,0.985,57.2,normal,sensor_noise,1
2026-10-01 16:37:07,925.24,21.19,41.58,91.47,7.47,411.61,411.61,18.44,7250.32,7250.32,1.387483,233.11,49.851,0.955,57.4,normal,normal,0
2026-10-01 16:37:08,909.95,21.41,41.63,91.55,7.09,410.6,410.6,18.28,7245.68,7245.68,1.389495,233.45,49.842,0.965,57.23,normal,normal,0
2026-10-01 16:37:09,915.72,21.6,41.69,91.86,7.33,408.76,,18.37,7105.8,,1.389495,233.27,49.83,0.946,57.36,normal,sensor_dropout,3
2026-10-01 16:37:10,934.81,21.59,41.8,93.16,7.33,408.39,408.39,18.52,7457.74,7457.74,1.391567,233.45,49.843,0.986,57.58,normal,normal,0
2026-10-01 16:37:11,940.61,21.32,41.89,94.5,7.01,408.32,408.32,18.83,7309.03,7309.03,1.393597,233.38,49.836,0.951,57.92,normal,normal,0
2026-10-01 16:37:12,958.01,20.87,41.98,93.13,6.91,409.65,409.65,19.21,7571.38,7571.38,1.3957,232.9,49.822,0.962,58.26,normal,normal,0
2026-10-01 16:37:13,962.47,21.07,42.09,92.92,6.67,408.49,408.49,19.12,7398.98,7398.98,1.397756,233.05,49.823,0.947,58.27,normal,normal,0
2026-10-01 16:37:14,977.5,20.72,42.2,93.92,6.69,408.86,,19.58,7802.15,,1.397756,233.31,49.835,0.974,58.66,normal,sensor_dropout,3
2026-10-01 16:37:15,978.79,20.8,42.3,94.89,6.75,410.68,410.68,19.56,7551.8,7551.8,1.399853,233.65,49.851,0.94,58.66,normal,normal,0
2026-10-01 16:37:16,968.22,20.86,42.38,95,6.79,411.77,420,19.35,7601.1,7753.02,1.402007,233.93,49.833,0.954,58.98,normal,stuck_sensor,2
2026-10-01 16:37:17,951.14,20.5,42.36,95,6.98,411.53,414.26,18.88,7481.62,7531.23,1.404099,234.01,49.806,0.963,59.13,normal,sensor_noise,1
2026-10-01 16:37:18,962.12,20.76,85.69,94.65,7.2,410.63,410.63,19.19,7521.08,7521.08,1.406188,234.11,49.819,0.954,58.92,normal,panel_overheating,2
2026-10-01 16:37:19,955.0,21.22,76.35,94.14,7.45,408.95,408.95,19.07,7514.48,7514.48,1.408276,233.71,49.829,0.964,59.11,normal,panel_overheating,2
2026-10-01 16:37:20,947.27,21.66,42.51,95,7.15,410.47,410.47,19.08,7537.4,7537.4,1.410369,233.36,49.807,0.963,58.81,normal,normal,0
2026-10-01 16:37:21,935.67,21.37,42.53,94.43,6.85,411.5,411.5,7.59,7550.9,3057.27,1.411219,233.53,49.784,0.979,58.78,normal,power_loss,2
2026-10-01 16:37:22,955.57,21.14,81.61,95,6.74,409.69,409.69,19.22,7723.38,7723.38,1.413364,233.82,49.8,0.981,58.49,normal,panel_overheating,2
2026-10-01 16:37:23,969.79,21.37,42.68,95,6.55,408.77,420,19.48,7611.83,7820.88,1.415536,233.67,49.829,0.956,58.69,normal,stuck_sensor,2
2026-10-01 16:37:24,984.26,21.1,42.78,94.46,6.85,410.04,410.04,19.86,7835.38,7835.38,1.417713,233.69,49.837,0.962,58.87,normal,normal,0
2026-10-01 16:37:25,982.65,21.16,42.87,93.75,6.83,409.74,,19.65,7584.14,,1.417713,233.27,49.855,0.942,58.94,normal,sensor_dropout,3
2026-10-01 16:37:26,964.0,21.02,42.89,94.2,6.79,410.12,420,19.46,7757.89,7944.79,1.41992,232.85,49.835,0.972,59.24,normal,stuck_sensor,2
2026-10-01 16:37:27,945.99,20.7,42.85,94.35,6.32,409.39,,18.94,7567.28,,1.41992,232.93,49.821,0.976,58.97,normal,sensor_dropout,3
2026-10-01 16:37:28,961.34,20.25,42.81,95,6.09,410.33,410.33,19.33,7689.1,7689.1,1.422056,233.37,49.794,0.969,93.25,overheating,inverter_overheating,3
2026-10-01 16:37:29,966.73,20.25,42.8,95,5.71,408.58,410.31,19.24,7601.46,7633.66,1.424176,233.75,49.786,0.967,58.98,normal,voltage_drift,1
2026-10-01 16:37:30,982.37,20.08,42.8,95,6.2,407.33,407.33,19.56,7798.33,7798.33,1.426342,233.83,49.807,0.979,58.78,normal,normal,0
2026-10-01 16:37:31,994.78,20.2,42.85,95,5.83,409.16,409.16,20.04,7906.21,7906.21,1.428538,234.27,49.821,0.964,59.09,normal,normal,0
2026-10-01 16:37:32,995.53,20.6,42.94,95,5.64,409.16,409.16,13.38,7765.73,5257.94,1.429999,234.34,49.797,0.96,59.35,normal,power_loss,2
2026-10-01 16:37:33,1000,20.78,43.07,95,5.26,409.53,410.13,19.97,7981.2,7992.76,1.432219,234.79,49.8,0.976,59.58,normal,voltage_drift,1
2026-10-01 16:37:34,1000,20.52,43.17,94.17,4.93,410.28,410.28,20.0,7734.39,7734.39,1.434368,234.3,49.773,0.943,80.25,overheating,inverter_overheating,3
2026-10-01 16:37:35,1000,20.36,43.25,93.36,4.65,408.97,408.97,19.99,7915.89,7915.89,1.436567,234.36,49.753,0.968,59.83,normal,normal,0
2026-10-01 16:37:36,989.93,20.14,43.27,93.31,4.63,407.52,407.52,13.65,7833.4,5374.09,1.438059,234.68,49.723,0.966,60.1,normal,power_loss,2
2026-10-01 16:37:37,1000,20.59,43.38,93.82,4.19,409.21,439.21,20.07,8019.83,8607.78,1.44045,234.81,49.729,0.976,60.26,normal,voltage_bias,2
2026-10-01 16:37:38,983.48,21.02,43.47,93.84,4.49,410.52,420,19.61,7591.86,7767.19,1.442608,234.39,49.756,0.943,60.46,normal,stuck_sensor,2
2026-10-01 16:37:39,975.1,20.59,43.47,93.17,4.86,411.49,441.49,19.54,7743.71,8308.27,1.444916,234.05,49.777,0.963,60.33,normal,voltage_bias,2
2026-10-01 16:37:40,981.89,20.41,43.46,94.19,5.15,410.02,410.02,19.74,7672.51,7672.51,1.447047,234.2,49.801,0.948,59.99,normal,normal,0
2026-10-01 16:37:41,987.43,20.84,43.51,93.74,5.42,408.74,408.74,19.86,7927.37,7927.37,1.449249,234.06,49.825,0.977,85.03,overheating,inverter_overheating,3
2026-10-01 16:37:42,991.08,21.21,43.59,93.6,5.52,409.35,420,19.77,7922.16,8128.34,1.451507,234.09,49.828,0.979,60.45,normal,stuck_sensor,2
2026-10-01 16:37:43,1000,21.4,43.7,92.97,5.75,409.94,420,20.05,7769.08,7959.73,1.453718,234.05,49.822,0.945,60.47,normal,stuck_sensor,2
2026-10-01 16:37:44,1000,21.14,43.78,93.21,5.44,411.13,441.13,20.03,8025.28,8610.88,1.45611,234.55,49.836,0.975,60.36,normal,voltage_bias,2
2026-10-01 16:37:45,995.14,21.24,43.86,92.98,4.99,410.61,410.61,19.89,7909.58,7909.58,1.458307,234.53,49.819,0.968,99.86,overheating,inverter_overheating,3
2026-10-01 16:37:46,993.74,21.02,43.92,93.53,4.91,410.87,410.87,19.88,7891.24,7891.24,1.460499,234.92,49.803,0.966,60.5,normal,normal,0
2026-10-01 16:37:47,994.07,20.58,43.91,93.06,5.27,412.47,412.47,19.79,7846.29,7846.29,1.462679,234.56,49.774,0.961,60.33,normal,normal,0
2026-10-01 16:37:48,976.59,20.59,43.87,93.36,4.81,413.55,420,19.51,7781.7,7903.13,1.464874,234.24,49.784,0.964,60.25,normal,stuck_sensor,2
2026-10-01 16:37:49,982.56,20.42,43.83,93.05,5.2,412.8,442.8,19.8,7955.98,8534.17,1.467244,234.67,49.786,0.973,60.31,normal,voltage_bias,2
2026-10-01 16:37:50,995.04,20.67,43.85,92.55,5.0,414.22,414.22,19.8,8017.2,8017.2,1.469471,235.11,49.799,0.977,60.11,normal,normal,0
2026-10-01 16:37:51,1000,21.0,43.91,92.78,5.35,414.36,415.94,19.88,8143.52,8174.49,1.471742,235.37,49.802,0.988,60.38,normal,voltage_drift,1
2026-10-01 16:37:52,1000,20.78,43.94,92.89,4.99,413.75,416.34,19.98,7854.33,7903.49,1.473938,235.16,49.806,0.95,60.26,normal,voltage_drift,1
2026-10-01 16:37:53,989.55,20.5,43.92,93.05,4.97,412.75,412.75,19.74,7967.59,7967.59,1.476151,235.06,49.784,0.978,60.15,normal,normal,0
2026-10-01 16:37:54,995.39,20.45,43.9,92.8,5.45,413.35,413.35,19.9,7829.22,7829.22,1.478326,234.69,49.77,0.952,59.99,normal,normal,0
2026-10-01 16:37:55,994.27,20.66,43.91,91.99,5.06,412.06,412.06,19.97,7966.45,7966.45,1.480538,207.65,49.75,0.968,60.21,normal,grid_voltage_anomaly,2
2026-10-01 16:37:56,997.73,20.83,43.95,92.42,4.89,413.69,428.4,19.85,8095.31,8383.2,1.482867,234.48,49.766,0.986,60.45,normal,sensor_noise,1
2026-10-01 16:37:57,980.97,21.33,43.99,93.82,5.19,413.42,413.42,19.68,7646.86,7646.86,1.484991,234.64,49.744,0.94,60.29,normal,normal,0
2026-10-01 16:37:58,994.7,21.69,44.09,92.94,5.22,413.96,413.96,19.98,7888.98,7888.98,1.487183,234.69,49.756,0.954,60.16,normal,normal,0
2026-10-01 16:37:59,1000,22.18,44.25,91.5,4.88,413.23,413.23,19.81,8059.88,8059.88,1.489421,234.31,49.739,0.984,90.34,overheating,inverter_overheating,3
2026-10-01 16:38:00,1000,21.91,44.36,92.77,5.09,414.93,420,19.89,7883.22,7979.59,1.491638,234.37,49.768,0.955,59.96,normal,stuck_sensor,2
2026-10-01 16:38:01,1000,21.77,44.44,92.92,5.28,414.11,414.11,20.18,7881.96,7881.96,1.493827,234.72,49.759,0.943,85.99,overheating,inverter_overheating,3
2026-10-01 16:38:02,986.91,21.76,44.5,94.13,4.91,415.34,415.34,19.68,7735.31,7735.31,1.495976,258.79,49.735,0.946,59.94,normal,grid_voltage_anomaly,2
2026-10-01 16:38:03,990.82,21.73,44.54,95,5.3,413.99,443.99,19.89,7904.71,8477.54,1.498331,234.73,49.71,0.96,60.05,normal,voltage_bias,2
2026-10-01 16:38:04,1000,21.78,44.6,95,5.3,414.31,444.31,20.13,7841.99,8409.83,1.500667,234.38,49.688,0.94,59.89,normal,voltage_bias,2
2026-10-01 16:38:05,998.37,21.72,44.66,95,5.08,416.18,416.18,20.1,8036.02,8036.02,1.502899,234.81,49.683,0.961,60.15,normal,normal,0
2026-10-01 16:38:06,996.27,22.08,44.73,94.38,5.36,417.89,,19.84,7892.0,,1.502899,234.81,49.71,0.952,60.25,normal,sensor_dropout,3
2026-10-01 16:38:07,1000,22.02,44.8,93.46,5.23,417.31,417.31,19.96,8050.25,8050.25,1.505136,234.92,49.696,0.966,60.29,normal,normal,0
2026-10-01 16:38:08,995.14,22.23,44.86,93.27,5.61,417.52,418.75,19.86,8046.37,8070.08,1.507377,234.65,49.677,0.97,60.1,normal,voltage_drift,1
2026-10-01 16:38:09,1000,22.26,44.93,92.69,5.7,415.57,415.57,19.89,7882.78,7882.78,1.509567,235.04,49.681,0.954,60.29,normal,normal,0
2026-10-01 16:38:10,998.44,21.77,44.95,93.29,5.39,415.31,415.31,19.83,8100.96,8100.96,1.511817,235.12,49.657,0.984,60.52,normal,normal,0
2026-10-01 16:38:11,987.51,21.86,44.94,93.33,5.56,414.03,414.03,19.72,7891.88,7891.88,1.514009,234.74,49.661,0.966,60.58,normal,normal,0
2026-10-01 16:38:12,1000,21.67,44.95,94.44,5.49,414.99,414.99,19.93,7885.22,7885.22,1.5162,234.89,49.665,0.953,60.66,normal,normal,0
2026-10-01 16:38:13,992.32,21.55,44.94,95,5.23,415.96,415.96,19.9,7797.95,7797.95,1.518366,235.21,49.694,0.942,60.39,normal,normal,0
2026-10-01 16:38:14,977.48,21.84,44.93,95,4.81,415.21,415.21,19.58,7875.73,7875.73,1.520553,235.14,49.717,0.969,85.9,overheating,inverter_overheating,3
2026-10-01 16:38:15,973.97,22.05,44.94,95,4.42,415.21,445.21,19.37,7915.99,8487.94,1.522911,235.59,49.695,0.984,60.3,normal,voltage_bias,2
2026-10-01 16:38:16,993.93,22.03,44.99,94.24,4.88,415.88,415.88,19.8,8028.17,8028.17,1.525141,235.12,49.705,0.975,59.99,normal,normal,0
2026-10-01 16:38:17,975.06,21.7,44.95,93.42,4.77,417.44,,19.4,7660.05,,1.525141,234.75,49.701,0.946,59.82,normal,sensor_dropout,3
2026-10-01 16:38:18,991.96,22.17,45.02,93.98,4.58,418.98,419.87,19.95,8144.68,8162.01,1.527408,235.14,49.681,0.974,59.97,normal,voltage_drift,1
2026-10-01 16:38:19,1000,21.79,45.06,93.67,4.55,417.46,,19.94,7835.13,,1.527408,235.56,49.678,0.941,60.15,normal,sensor_dropout,3
2026-10-01 16:38:20,993.02,22.29,45.13,92.63,4.43,416.24,416.24,19.67,7927.54,7927.54,1.529611,235.93,49.655,0.968,59.95,normal,normal,0
2026-10-01 16:38:21,1000,21.96,45.17,93.72,4.64,418.09,418.09,10.74,8158.58,4422.04,1.530839,236.03,49.683,0.985,60.15,normal,power_loss,2
2026-10-01 16:38:22,996.16,21.94,45.19,93.88,5.12,418.43,420.25,19.83,8182.23,8217.94,1.533122,236.11,49.678,0.986,59.95,normal,voltage_drift,1
2026-10-01 16:38:23,998.33,21.99,45.2,94.49,5.56,418.34,418.34,20.09,8183.3,8183.3,1.535395,235.84,49.693,0.974,59.96,normal,normal,0
2026-10-01 16:38:24,1000,22.0,45.22,94.95,5.37,419.4,419.4,20.13,8314.67,8314.67,1.537704,235.78,49.721,0.985,60.14,normal,normal,0
2026-10-01 16:38:25,1000,21.53,45.19,94.6,5.28,420.22,420.22,19.91,8224.52,8224.52,1.539989,235.82,49.695,0.983,60.33,normal,normal,0
2026-10-01 16:38:26,1000,21.87,45.2,94.23,5.32,421.94,421.94,20.08,8054.48,8054.48,1.542226,251.96,49.694,0.95,60.33,normal,grid_voltage_anomaly,2
2026-10-01 16:38:27,994.25,22.01,45.22,95,4.96,421.42,421.42,19.75,7900.61,7900.61,1.544421,235.58,49.718,0.949,60.07,normal,normal,0
2026-10-01 16:38:28,1000,21.84,45.24,93.91,4.6,421.0,421.0,20.16,8040.93,8040.93,1.546655,236.07,49.693,0.948,59.94,normal,normal,0
2026-10-01 16:38:29,1000,21.72,45.26,95,4.37,419.75,419.75,12.54,8311.03,5201.85,1.5481,235.76,49.669,0.989,60.02,normal,power_loss,2
2026-10-01 16:38:30,996.88,22.15,45.3,94.29,4.48,421.16,421.16,20.13,8151.16,8151.16,1.550364,235.83,49.676,0.962,98.28,overheating,inverter_overheating,3
2026-10-01 16:38:31,1000,22.1,45.36,93.97,4.12,419.31,419.31,20.07,8199.54,8199.54,1.552641,235.55,49.691,0.974,59.99,normal,normal,0
2026-10-01 16:38:32,989.44,22.15,45.4,94.95,3.65,418.88,420,19.65,7944.8,7966.1,1.554854,235.77,49.69,0.965,59.78,normal,stuck_sensor,2
2026-10-01 16:38:33,986.66,22.43,45.47,95,3.36,418.71,,19.56,7936.69,,1.554854,235.94,49.674,0.969,59.61,normal,sensor_dropout,3
2026-10-01 16:38:34,992.53,22.44,45.56,94.96,2.96,418.58,420.0,19.99,8188.14,8215.85,1.557136,235.69,49.675,0.979,59.84,normal,voltage_drift,1
2026-10-01 16:38:35,973.35,22.34,45.58,94.52,3.09,416.95,419.53,19.51,7996.37,8045.78,1.559371,235.66,49.68,0.983,59.9,normal,voltage_drift,1
2026-10-01 16:38:36,962.98,22.04,45.55,95,2.7,418.35,418.35,19.33,7604.49,7604.49,1.561484,235.68,49.686,0.94,59.92,normal,normal,0
2026-10-01 16:38:37,945.44,22.01,45.47,95,3.18,420.17,431.59,19.11,7923.01,8138.34,1.563744,235.21,49.661,0.987,60.01,normal,sensor_noise,1
2026-10-01 16:38:38,956.46,21.6,45.38,94.09,2.9,421.96,421.96,18.93,7579.33,7579.33,1.56585,235.19,49.635,0.949,60.15,normal,normal,0
2026-10-01 16:38:39,973.97,21.69,45.35,93.91,3.35,423.25,424.0,19.57,8095.11,8109.41,1.568102,235.67,49.661,0.977,60.13,normal,voltage_drift,1
2026-10-01 16:38:40,977.7,21.2,45.27,95,3.72,422.35,,19.49,7784.1,,1.568102,236.16,49.682,0.946,60.04,normal,sensor_dropout,3
2026-10-01 16:38:41,968.63,21.2,45.17,95,3.55,423.56,425.22,19.51,8017.86,8049.36,1.570338,235.84,49.677,0.97,60.17,normal,voltage_drift,1
2026-10-01 16:38:42,980.12,20.92,45.08,95,3.88,423.14,,19.61,7874.88,,1.570338,235.87,49.674,0.949,60.11,normal,sensor_dropout,3
2026-10-01 16:38:43,961.4,21.18,44.98,94.37,3.9,425.13,428.28,19.05,7945.01,8003.82,1.572562,235.85,49.674,0.981,59.9,normal,voltage_drift,1
2026-10-01 16:38:44,948.48,20.87,44.81,93.62,4.17,426.39,420,19.08,7700.18,7584.85,1.574668,235.65,49.703,0.946,59.99,normal,stuck_sensor,2
2026-10-01 16:38:45,965.96,20.57,44.68,93.54,4.22,426.51,420,19.33,8150.36,8025.88,1.576898,236.02,49.701,0.989,59.65,normal,stuck_sensor,2
2026-10-01 16:38:46,948.26,20.96,44.55,93.12,4.22,427.46,457.46,18.78,7926.17,8482.45,1.579254,236.1,49.683,0.987,59.55,normal,voltage_bias,2
2026-10-01 16:38:47,946.3,20.82,44.43,91.68,3.92,427.99,427.99,18.85,7879.3,7879.3,1.581443,235.73,49.699,0.977,59.5,normal,normal,0
2026-10-01 16:38:48,943.56,20.45,44.27,93.08,4.06,429.97,429.97,18.97,7976.68,7976.68,1.583659,236.07,49.686,0.978,59.34,normal,normal,0
2026-10-01 16:38:49,943.86,20.13,44.08,93.03,4.53,428.73,437.25,18.71,7726.09,7879.68,1.585847,236.04,49.672,0.963,59.09,normal,sensor_noise,1
2026-10-01 16:38:50,945.02,20.38,43.92,92.28,4.94,428.62,428.62,19.01,7720.22,7720.22,1.587992,235.56,49.664,0.948,59.14,normal,normal,0
2026-10-01 16:38:51,925.78,19.9,43.68,91.93,5.18,428.38,417.74,18.62,7757.26,7564.49,1.590093,235.52,49.656,0.972,58.88,normal,sensor_noise,1
2026-10-01 16:38:52,907.19,19.72,43.38,90.82,5.61,429.43,431.05,18.13,7672.5,7701.43,1.592232,235.82,49.644,0.985,58.58,normal,voltage_drift,1
2026-10-01 16:38:53,903.0,19.25,43.05,91.41,5.8,430.11,460.11,18.23,7544.53,8070.75,1.594474,236.26,49.671,0.962,58.38,normal,voltage_bias,2
2026-10-01 16:38:54,914.11,19.72,42.82,91.97,5.94,430.95,430.95,18.32,7594.81,7594.81,1.596584,260.36,49.699,0.962,58.3,normal,grid_voltage_anomaly,2
2026-10-01 16:38:55,906.47,19.89,42.61,93.0,6.12,431.59,424.9,18.03,7430.71,7315.6,1.598616,236.8,49.71,0.955,58.1,normal,sensor_noise,1
2026-10-01 16:38:56,906.72,19.5,42.4,93.5,5.7,431.09,431.09,18.22,7450.59,7450.59,1.600686,236.48,49.699,0.948,57.92,normal,normal,0
2026-10-01 16:38:57,897.98,19.12,42.13,94.48,6.09,430.1,460.1,17.98,7305.63,7815.21,1.602857,236.36,49.716,0.945,57.65,normal,voltage_bias,2
2026-10-01 16:38:58,915.8,19.1,41.93,94.58,6.34,431.1,431.1,18.31,7466.62,7466.62,1.604931,236.79,49.723,0.946,57.75,normal,normal,0
2026-10-01 16:38:59,913.47,18.86,41.71,93.2,6.63,429.31,429.31,18.16,7650.37,7650.37,1.607056,236.81,49.72,0.981,57.61,normal,normal,0
2026-10-01 16:39:00,932.62,18.92,41.58,93.62,6.14,430.11,420,18.6,7756.13,7573.76,1.60916,236.79,49.726,0.97,57.68,normal,stuck_sensor,2
2026-10-01 16:39:01,927.89,18.66,41.42,92.36,5.96,431.62,432.78,18.47,7540.83,7561.11,1.61126,236.46,49.717,0.946,57.4,normal,voltage_drift,1
2026-10-01 16:39:02,916.37,19.0,41.3,92.41,5.78,431.27,,18.17,7519.93,,1.61126,236.02,49.717,0.96,57.62,normal,sensor_dropout,3
2026-10-01 16:39:03,923.82,18.63,41.16,93.75,6.09,433.18,420,18.49,7566.5,7336.33,1.613298,236.19,49.714,0.945,57.35,normal,stuck_sensor,2
2026-10-01 16:39:04,910.83,18.86,41.04,94.47,5.59,434.47,434.47,18.16,7505.05,7505.05,1.615382,236.52,49.744,0.951,57.3,normal,normal,0
2026-10-01 16:39:05,919.41,19.28,40.99,95,5.65,434.8,434.8,18.27,7848.09,7848.09,1.617562,236.71,49.773,0.988,57.35,normal,normal,0
2026-10-01 16:39:06,909.62,19.49,40.96,95,5.27,433.57,433.57,18.35,7587.17,7587.17,1.61967,236.41,49.8,0.954,82.86,overheating,inverter_overheating,3
2026-10-01 16:39:07,915.68,19.54,40.94,94.55,5.49,431.77,420,18.18,7582.63,7375.86,1.621719,236.6,49.794,0.966,57.18,normal,stuck_sensor,2
2026-10-01 16:39:08,916.22,19.79,70.14,94.66,5.57,432.72,432.72,18.34,7698.77,7698.77,1.623857,236.72,49.768,0.97,56.99,normal,panel_overheating,2
2026-10-01 16:39:09,926.91,19.69,40.98,95,5.22,431.16,431.16,18.54,7678.69,7678.69,1.62599,236.25,49.769,0.961,56.8,normal,normal,0
2026-10-01 16:39:10,916.42,20.1,79.06,94.73,5.36,429.87,429.87,18.29,7393.93,7393.93,1.628044,236.33,49.743,0.94,56.85,normal,panel_overheating,2
2026-10-01 16:39:11,924.24,19.81,41.05,94.59,5.36,429.59,429.59,18.65,7679.33,7679.33,1.630177,236.36,49.746,0.958,94.48,overheating,inverter_overheating,3
2026-10-01 16:39:12,935.62,19.93,41.13,94.29,4.93,429.24,430.88,18.72,7742.98,7772.69,1.632336,236.72,49.764,0.964,57.14,normal,voltage_drift,1
2026-10-01 16:39:13,927.83,19.62,41.14,95,5.39,430.03,,18.7,7584.73,,1.632336,236.24,49.748,0.943,57.43,normal,sensor_dropout,3
2026-10-01 16:39:14,943.43,19.35,41.17,93.86,4.93,431.01,431.01,18.75,7786.11,7786.11,1.634499,236.64,49.752,0.963,57.8,normal,normal,0
2026-10-01 16:39:15,928.74,18.87,41.11,94.55,5.13,432.76,462.76,18.46,7824.58,8366.99,1.636823,236.87,49.722,0.98,57.68,normal,voltage_bias,2
2026-10-01 16:39:16,929.19,19.25,41.09,95,5.11,432.97,432.97,18.66,7891.18,7891.18,1.639015,236.6,49.736,0.977,57.63,normal,normal,0
2026-10-01 16:39:17,947.43,19.71,41.16,95,5.53,431.02,431.02,18.94,7742.07,7742.07,1.641166,236.73,49.748,0.949,57.73,normal,normal,0
2026-10-01 16:39:18,933.69,19.83,41.2,93.9,5.48,432.96,432.96,18.73,7914.89,7914.89,1.643365,197.75,49.765,0.976,57.93,normal,grid_voltage_anomaly,2
2026-10-01 16:39:19,947.17,19.38,41.21,93.44,5.73,432.73,462.73,18.98,7961.22,8513.15,1.645729,236.94,49.781,0.969,58.07,normal,voltage_bias,2
2026-10-01 16:39:20,955.11,19.52,41.25,93.11,5.84,432.29,432.91,18.93,7841.74,7852.82,1.647911,237.26,49.791,0.958,57.9,normal,voltage_drift,1
2026-10-01 16:39:21,952.31,19.6,41.3,92.8,5.75,431.81,431.81,19.14,7822.57,7822.57,1.650084,237.18,49.771,0.947,57.78,normal,normal,0
2026-10-01 16:39:22,944.99,20.08,41.36,92.15,6.03,429.85,429.85,18.92,7982.51,7982.51,1.652301,237.17,49.8,0.982,95.55,overheating,inverter_overheating,3
2026-10-01 16:39:23,925.14,20.25,41.38,92.14,5.91,428.33,428.33,18.35,7594.7,7594.7,1.654411,237.47,49.802,0.966,57.54,normal,normal,0
2026-10-01 16:39:24,915.88,19.87,76.58,91.96,6.01,429.97,429.97,18.14,7392.4,7392.4,1.656464,237.8,49.807,0.948,57.74,normal,panel_overheating,2
2026-10-01 16:39:25,934.65,19.97,41.36,92.41,5.98,429.73,430.24,18.88,8006.5,8016.02,1.658691,237.78,49.815,0.987,57.59,normal,voltage_drift,1
2026-10-01 16:39:26,923.51,20.35,41.4,92.17,5.71,430.74,430.74,18.31,7540.9,7540.9,1.660785,238.23,49.79,0.956,57.48,normal,normal,0
2026-10-01 16:39:27,926.78,20.39,41.45,93.27,5.43,432.4,432.4,18.38,7534.29,7534.29,1.662878,238.28,49.8,0.948,57.63,normal,normal,0
2026-10-01 16:39:28,909.49,19.93,41.41,94.09,5.41,432.21,432.21,18.21,7673.25,7673.25,1.66501,238.15,49.773,0.975,57.71,normal,normal,0
2026-10-01 16:39:29,900.19,19.8,41.33,93.83,5.67,433.33,420,18.08,7522.8,7291.41,1.667035,238.33,49.786,0.96,57.49,normal,stuck_sensor,2
2026-10-01 16:39:30,881.72,19.3,41.15,94.7,5.83,432.22,432.22,17.45,7217.89,7217.89,1.66904,238.44,49.812,0.957,57.24,normal,normal,0
2026-10-01 16:39:31,874.26,18.81,40.92,95,6.21,430.6,430.6,17.66,7470.36,7470.36,1.671115,238.66,49.814,0.983,57.22,normal,normal,0
2026-10-01 16:39:32,855.58,18.92,40.67,95,6.43,432.35,432.35,17.19,7060.96,7060.96,1.673077,238.4,49.827,0.95,56.79,normal,normal,0
2026-10-01 16:39:33,870.74,18.76,40.45,95,6.59,431.98,419.24,17.43,7165.38,6954.12,1.675008,238.76,49.837,0.952,56.77,normal,sensor_noise,1
2026-10-01 16:39:34,877.34,18.54,40.26,95,6.4,430.86,427.47,17.49,7124.06,7067.95,1.676972,238.84,49.824,0.945,56.86,normal,sensor_noise,1
2026-10-01 16:39:35,888.56,18.18,40.08,95,6.45,430.35,460.35,17.58,7307.17,7816.56,1.679143,238.94,49.845,0.966,57.09,normal,voltage_bias,2
2026-10-01 16:39:36,878.33,18.17,39.9,94.54,6.24,431.55,432.23,17.41,7381.94,7393.47,1.681197,239.09,49.868,0.983,56.75,normal,voltage_drift,1
2026-10-01 16:39:37,863.93,18.29,39.72,94.52,5.92,431.58,431.58,17.11,7175.05,7175.05,1.68319,239.19,49.872,0.972,56.72,normal,normal,0
2026-10-01 16:39:38,874.23,17.83,39.55,94.31,5.73,429.89,,17.43,7047.68,,1.68319,239.43,49.894,0.941,56.82,normal,sensor_dropout,3
2026-10-01 16:39:39,894.12,17.39,39.4,95,5.4,429.55,429.55,18.01,7526.37,7526.37,1.68528,239.27,49.92,0.973,56.71,normal,normal,0
2026-10-01 16:39:40,877.71,17.03,39.21,93.8,5.11,429.9,431.78,17.52,7293.91,7325.74,1.687315,239.04,49.94,0.969,56.8,normal,voltage_drift,1
2026-10-01 16:39:41,867.09,17.39,39.03,94.17,5.44,428.58,458.58,17.33,7039.32,7532.06,1.689408,239.07,49.952,0.948,56.98,normal,voltage_bias,2
2026-10-01 16:39:42,849.3,17.56,38.85,95,5.2,427.9,457.9,17.09,7181.57,7685.08,1.691542,238.84,49.957,0.982,56.85,normal,voltage_bias,2
2026-10-01 16:39:43,834.19,17.51,38.66,93.68,4.85,427.47,420,16.68,7059.12,6935.73,1.693469,238.62,49.933,0.99,56.64,normal,stuck_sensor,2
2026-10-01 16:39:44,853.57,17.12,38.5,93.97,4.64,427.91,415.94,17.14,7163.5,6963.18,1.695403,238.69,49.931,0.977,56.79,normal,sensor_noise,1
2026-10-01 16:39:45,868.85,17.61,38.45,93.65,4.42,426.13,426.13,17.56,7312.72,7312.72,1.697434,238.72,49.947,0.977,56.48,normal,normal,0
2026-10-01 16:39:46,856.05,17.57,38.36,94.17,4.79,427.25,427.25,17.24,7231.15,7231.15,1.699443,238.31,49.958,0.982,56.32,normal,normal,0
2026-10-01 16:39:47,860.4,17.43,38.26,94.18,5.21,427.8,427.8,17.05,6967.74,6967.74,1.701379,238.22,49.949,0.955,56.36,normal,normal,0
2026-10-01 16:39:48,869.67,17.09,38.16,95,5.09,428.33,430.27,17.32,7103.72,7135.75,1.703361,238.35,49.937,0.958,56.04,normal,voltage_drift,1
2026-10-01 16:39:49,878.14,17.53,38.13,95,5.37,426.97,426.97,17.65,7268.95,7268.95,1.70538,238.54,49.938,0.964,56.21,normal,normal,0
2026-10-01 16:39:50,869.99,17.28,83.82,94.33,5.35,426.97,426.97,17.52,7289.68,7289.68,1.707405,238.4,49.927,0.975,56.17,normal,panel_overheating,2
2026-10-01 16:39:51,879.41,17.15,38.02,94.68,4.9,427.43,457.43,17.69,7342.46,7857.8,1.709587,238.38,49.929,0.971,56.31,normal,voltage_bias,2
2026-10-01 16:39:52,894.12,17.24,38.04,94.0,4.69,426.68,426.68,18.03,7250.82,7250.82,1.711602,238.0,49.928,0.943,56.37,normal,normal,0
2026-10-01 16:39:53,897.08,17.73,38.11,93.0,4.85,424.91,424.91,17.86,7305.73,7305.73,1.713631,237.56,49.953,0.963,56.23,normal,normal,0
2026-10-01 16:39:54,889.77,18.09,38.17,92.73,5.15,424.98,425.6,17.98,7549.04,7559.98,1.715731,237.1,49.937,0.988,56.37,normal,voltage_drift,1
2026-10-01 16:39:55,903.6,18.07,38.25,92.42,5.65,425.58,420,18.12,7492.0,7393.69,1.717785,237.13,49.915,0.972,56.42,normal,stuck_sensor,2
2026-10-01 16:39:56,915.38,18.56,38.39,91.81,6.13,425.92,455.92,18.22,7472.3,7998.62,1.720007,237.18,49.927,0.963,56.34,normal,voltage_bias,2
2026-10-01 16:39:57,931.67,18.35,38.52,92.23,6.44,425.75,421.49,18.46,7725.03,7647.74,1.722131,237.56,49.93,0.983,56.51,normal,sensor_noise,1
2026-10-01 16:39:58,933.98,18.07,38.62,93.56,6.29,424.81,424.81,18.84,7613.12,7613.12,1.724246,237.11,49.947,0.951,56.48,normal,normal,0
2026-10-01 16:39:59,933.74,18.51,38.75,92.57,6.48,423.11,426.41,18.73,7529.71,7588.41,1.726354,237.53,49.95,0.95,56.62,normal,sensor_noise,1
2026-10-01 16:40:00,942.66,18.5,38.88,93.19,6.79,424.83,425.45,18.94,7755.89,7767.1,1.728511,237.13,49.956,0.964,56.82,normal,voltage_drift,1
2026-10-01 16:40:01,950.98,18.6,39.02,94.38,6.91,423.22,423.22,19.16,7780.64,7780.64,1.730672,237.15,49.946,0.96,57.21,normal,normal,0
2026-10-01 16:40:02,934.71,18.29,39.07,95,7.29,423.86,423.86,18.71,7466.22,7466.22,1.732746,237.39,49.965,0.941,57.56,normal,normal,0
2026-10-01 16:40:03,931.9,18.53,39.11,95,7.57,425.57,425.57,18.81,7719.09,7719.09,1.734891,237.74,49.957,0.964,57.41,normal,normal,0
2026-10-01 16:40:04,951.23,18.41,77.6,95,7.4,424.42,424.42,19.03,7748.59,7748.59,1.737043,238.02,49.973,0.959,57.57,normal,panel_overheating,2
2026-10-01 16:40:05,970.64,18.02,39.28,95,7.48,424.95,425.86,19.28,8003.85,8020.97,1.739271,237.94,49.976,0.977,57.79,normal,voltage_drift,1
2026-10-01 16:40:06,954.09,17.94,39.32,94.35,7.14,425.35,427.12,19.1,7885.95,7918.75,1.741471,238.4,49.964,0.971,57.99,normal,voltage_drift,1
2026-10-01 16:40:07,937.49,17.59,39.29,93.36,6.88,425.02,425.02,18.93,7849.38,7849.38,1.743651,238.47,49.951,0.975,58.22,normal,normal,0
2026-10-01 16:40:08,936.83,17.32,39.23,93.49,6.7,423.09,435.91,18.74,7715.43,7949.19,1.745859,238.31,49.964,0.973,58.4,normal,sensor_noise,1
2026-10-01 16:40:09,955.35,17.61,39.27,94.01,6.34,424.11,424.11,19.14,7972.57,7972.57,1.748074,238.79,49.987,0.982,58.53,normal,normal,0
2026-10-01 16:40:10,935.65,17.22,39.2,93.98,6.78,425.49,,18.87,7797.49,,1.748074,238.57,49.959,0.971,58.21,normal,sensor_dropout,3
2026-10-01 16:40:11,946.34,17.18,39.15,93.17,7.14,424.97,424.97,18.82,7664.19,7664.19,1.750203,238.63,49.983,0.958,58.07,normal,normal,0
2026-10-01 16:40:12,965.75,16.74,39.12,91.89,6.83,424.95,424.95,19.18,7718.72,7718.72,1.752347,238.24,49.972,0.947,58.19,normal,normal,0
2026-10-01 16:40:13,969.77,17.17,39.14,91.68,6.8,424.69,424.69,8.81,8003.46,3632.03,1.753356,237.82,49.947,0.971,58.41,normal,power_loss,2
2026-10-01 16:40:14,980.89,17.54,39.22,91.57,7.25,423.96,423.96,19.69,8140.1,8140.1,1.755617,238.16,49.925,0.975,58.42,normal,normal,0
2026-10-01 16:40:15,961.69,17.48,39.24,90.48,7.01,422.88,433.55,19.39,7817.98,8015.33,1.757843,237.8,49.916,0.953,58.25,normal,sensor_noise,1
2026-10-01 16:40:16,970.75,17.18,39.23,89.21,7.48,420.92,422.34,19.61,7797.01,7823.27,1.760016,237.89,49.888,0.944,58.42,normal,voltage_drift,1
2026-10-01 16:40:17,985.4,17.57,39.31,88.35,7.25,420.97,428.61,19.6,7914.76,8058.43,1.762255,237.59,49.894,0.959,58.3,normal,sensor_noise,1
2026-10-01 16:40:18,988.99,17.66,39.39,87.42,7.65,421.95,420,19.92,7989.11,7952.15,1.764464,237.88,49.918,0.951,58.17,normal,stuck_sensor,2
2026-10-01 16:40:19,1000,17.65,39.48,88.33,7.76,420.29,420.29,20.12,8258.21,8258.21,1.766758,237.69,49.896,0.976,58.2,normal,normal,0
2026-10-01 16:40:20,993.47,17.35,85.62,88.52,7.34,418.96,418.96,19.84,8086.76,8086.76,1.769004,237.3,49.905,0.973,58.65,normal,panel_overheating,2
2026-10-01 16:40:21,1000,17.42,39.61,89.93,7.13,420.12,420.12,19.81,7897.46,7897.46,1.771198,193.65,49.896,0.949,58.99,normal,grid_voltage_anomaly,2
2026-10-01 16:40:22,998.57,17.87,39.71,89.83,7.41,420.58,421.72,20.17,8270.12,8292.58,1.773501,238.04,49.87,0.975,58.91,normal,voltage_drift,1
2026-10-01 16:40:23,1000,17.59,39.76,90.17,7.74,419.42,419.42,20.09,8240.3,8240.3,1.77579,237.68,49.871,0.978,59.27,normal,normal,0
2026-10-01 16:40:24,994.22,17.78,39.83,89.5,7.35,418.56,418.56,20.04,8282.49,8282.49,1.778091,237.22,49.883,0.988,59.62,normal,normal,0
2026-10-01 16:40:25,978.54,18.18,39.91,89.07,6.85,419.9,425.21,19.45,7694.25,7791.53,1.780255,237.03,49.884,0.942,59.82,normal,sensor_noise,1
2026-10-01 16:40:26,973.36,17.97,39.94,89.26,6.94,419.48,419.48,19.47,8064.45,8064.45,1.782495,237.51,49.901,0.987,59.81,normal,normal,0
2026-10-01 16:40:27,967.31,18.32,39.99,90.16,6.74,420.45,420.45,19.34,7909.54,7909.54,1.784693,237.56,49.916,0.973,93.27,overheating,inverter_overheating,3
2026-10-01 16:40:28,966.42,18.74,85.53,89.84,6.37,419.7,419.7,19.32,7646.72,7646.72,1.786817,237.63,49.896,0.943,59.45,normal,panel_overheating,2
2026-10-01 16:40:29,962.3,19.04,40.2,89.63,6.49,419.42,420,19.22,7768.43,7779.21,1.788978,237.86,49.9,0.964,59.34,normal,stuck_sensor,2
2026-10-01 16:40:30,955.91,18.81,40.26,88.56,6.19,419.84,419.84,19.29,7792.54,7792.54,1.791142,237.48,49.924,0.962,59.02,normal,normal,0
2026-10-01 16:40:31,963.25,18.33,40.3,88.7,6.02,421.58,451.58,19.18,8000.38,8569.69,1.793523,237.35,49.913,0.989,58.74,normal,voltage_bias,2
2026-10-01 16:40:32,959.81,17.92,40.27,88.85,6.41,421.63,451.63,19.25,7728.04,8277.91,1.795822,236.86,49.922,0.952,58.58,normal,voltage_bias,2
2026-10-01 16:40:33,939.96,18.39,40.25,87.55,6.11,419.9,,19.0,7870.45,,1.795822,237.03,49.903,0.987,58.48,normal,sensor_dropout,3
2026-10-01 16:40:34,921.09,18.58,40.21,88.53,5.71,420.37,420.37,18.26,7562.88,7562.88,1.797923,237.06,49.89,0.985,58.4,normal,normal,0
2026-10-01 16:40:35,938.04,18.25,40.19,87.72,5.72,420.9,420.9,18.69,7559.51,7559.51,1.800023,268.63,49.885,0.961,58.42,normal,grid_voltage_anomaly,2
2026-10-01 16:40:36,957.23,17.94,40.17,87.25,6.08,419.06,420.37,19.23,7947.7,7972.58,1.802237,237.78,49.878,0.986,58.16,normal,voltage_drift,1
2026-10-01 16:40:37,976.9,18.4,40.27,87.86,5.67,417.06,,19.62,8021.81,,1.802237,238.08,49.887,0.981,57.98,normal,sensor_dropout,3
2026-10-01 16:40:38,992.6,17.99,40.36,86.64,5.48,415.21,420,19.84,8028.29,8120.92,1.804493,237.95,49.881,0.975,57.96,normal,stuck_sensor,2
2026-10-01 16:40:39,1000,18.44,40.5,85.57,5.4,413.99,420,20.02,7993.48,8109.61,1.806746,238.17,49.909,0.964,58.32,normal,stuck_sensor,2
2026-10-01 16:40:40,1000,18.72,40.65,84.9,5.89,413.79,413.79,20.05,7818.31,7818.31,1.808917,238.14,49.915,0.942,58.28,normal,normal,0
2026-10-01 16:40:41,997.54,19.09,40.82,85.5,5.6,412.44,442.44,19.76,7964.04,8543.32,1.811291,238.5,49.93,0.977,58.43,normal,voltage_bias,2
2026-10-01 16:40:42,1000,19.2,40.99,85.61,5.54,411.87,411.87,20.13,8019.93,8019.93,1.813518,238.66,49.956,0.967,58.63,normal,normal,0
